id,text,text_hashtag,comment_1,comment_2,comment_3,comment_4,comment_5
11,".
ì´ì‚¬ì™€ì„œ 3ë²ˆì§¸ ê°€ì •ì˜ˆë°°.
ì¹œêµ¬ ë¼ì—°ì´ê¹Œì§€ ì „ë„í•´ì„œ ë¯¸ë¦¬ì™€ ê¸°ë‹¤ë¦¬ê³  ìˆëŠ” í¬ë ˆìŠ¤íŠ¸ì´ˆì´ğŸ’•ğŸ‘ğŸ˜Š
.
"," NSCAíŠ¸ë ˆì´ë„ˆ 
 NACí•œêµ­í”¼ì§€í¬êµ­ê°€ëŒ€í‘œğŸ‡°ğŸ‡·  íŒ€í˜¸
 ë¦¬í‹€í¬ë ˆìŠ¤íŠ¸  ì•„ë¹ 
.
 í¬ê¸°í•˜ì§€ë§ˆ!!  DGU  christian_gymlife
.
 í¼ìŠ¤ë„íŠ¸ë ˆì´ë‹  ê°œì¸í”¼í‹°  íœ˜íŠ¸ë‹ˆìŠ¤  ë§ì”€  ë³µìŒ  íŠ¸ë ˆì´ë„ˆ  í—¬ìŠ¤íƒ€ê·¸ë¨  í”¼íŠ¸ë‹ˆìŠ¤íƒ€ê·¸ë¨  ì‹ë‹¨  ìš´ë™  ì‹ë‹¨  bodybuilding  body  health  fitness  natural  physique  gym  gymlife  workout  ê¸°ë…êµì¸ì´ìš´ë™í•´ì•¼í•˜ëŠ”ì´ìœ ",N/A,N/A,N/A,N/A,N/A
12,"BÃ¡sicas disponibles ğŸ˜
 purpuralight ğŸ’œ
EnvÃ­os a todo el paÃ­s âœˆï¸
WhatsApp ğŸ“² link en mi perfil â˜ğŸ»
Pago contra entrega en la ciudad de MedellÃ­n ğŸ›µ.
.
.
.
", emprendedora  sueÃ±os  estilo  moda  fashion  amolamoda  nice  empoderada  sefemenina  love  shop  glamour  mystyle  nice  buso  camisetas  body  blusones  conjuntos  tiendavirtual  medellin  purpuralight,N/A,N/A,N/A,N/A,N/A
13,"Juguete grande del sexo anal pÃºrpura
10.00 and FREE Shipping
Tag a friend who would love this!
Active link in BIO
", beauty  style  girls  fun  body  boy,N/A,N/A,N/A,N/A,N/A
14,"Hot quÃ¡ áº¡ hÃ¬nh tháº­t hÃ ng bÃªn e nhaağŸ’‹ğŸ’‹ğŸ’‹ğŸ’‹
ÄÃ£ vá» sáºµn full mÃ u vÃ  sá»‘ lÆ°á»£ng táº¡i shopğŸ˜ğŸ˜
E Ã¡o Ä‘ang ráº¥t hot Ä‘áº¥y nhÃ©ğŸ˜‚
âŒ ÃO THUN TÄ‚M BODY BASIC âŒ
ğŸ’ğŸ»â€â™€ï¸Ai Ä‘Ã£ tá»«ng mua Ã¡o  Body nhÃ  e thÃ¬ sáº½ bÃ­t Ä‘c cháº¥t cá»§a e Ã¡o pull nÃ y tháº§n thÃ¡nhhhh cá»¡ nÃ o !
âœ”ï¸ SiÃªu siÃªu co giÃ£nnnnn
âœ”ï¸ TÃ´n body vÃ  ko má»ng lá»™
âœ”ï¸ Basic item quÃ¡ dá»… phá»‘i Ä‘á»“ lunnn
Äáº£m báº£o mua 1 lÃ  mÃºn mua Ä‘á»§ mÃ u lun Ä‘Ã³ nÃ ng ğŸ’‹
MÃ u: Tráº¯ng, Ä‘en.
ğŸŒ²150k",,N/A,N/A,N/A,N/A,N/A
15,"Treino MMII / Eu & Ela @jaque_bragasantos 
Procure sempre um profissional qualificado! 
Professor DIEGO VITERBO
PERSONAL TRAINER 
@personaldiegoviterbo 
 maromba   tiraonda  ", bodybuilding  motivation  treino  ciencianoesporte  instafit  instagood  instafitness  personaltrainer  gym  academiamarinho  rj  academia  treino  treinopersonalizado  academia  academiamarinho  orgulho  treino  body  bomdia  goodmorning,N/A,N/A,N/A,N/A,N/A
16,"NÃ£o se iluda com cacau 30% 50% 
For usar use cacau 100% ğŸ¤œğŸ¼ğŸ¤›ğŸ¼ğŸ’ªğŸ¼
â–â–â–â–â–â–â–â–â–â–â–â–â–â–â–â–â–â–â–
", fitnessndpower Â  fitÂ  workoutsÂ  fitnessmotivation musclesÂ  gymlifeÂ  dietÂ  gymtimeÂ  bodybuilding absÂ  gymsharkÂ  workoutmotivationÂ  healthy physiqueÂ  muscleÂ  fitindiaÂ  bodybuilderÂ  body motivationÂ  gymgirlÂ  gymÂ  workoutÂ  indian gymaddictÂ  fitfamÂ  fitnessmodelÂ  gymrat bodybuildingmotivationÂ  shredded gymmotivation,N/A,N/A,N/A,N/A,N/A
17," wellnesswednesday I'm out of the storm!!! Anxiety,fear,depression,grief,ptsd,just to name a few are very real mental health issues that are rampant in our society today. It's a condition that's misunderstood and crosses all walks of life,races,classes,rich,and poor alike. So many people are suffering in silence because of the negative stigma associated with these conditions,which is in realtalk, a lack of knowledge(ignorance)about the human mind,body,&spirit. Education is a must!! There are many situations in life that can cast us into despair,doubt,&depression. THERE IS A WAY OUT!! Seek help from your Dr. Talk to someone that will listen and not be judgemental! We must learn coping skills if we are to survive&ultimately live life!! ", wellnesswednesday mentalhealth mind body spirit empowerment peace tranquility  serenity lovehealsall support  love ğŸ™ğŸ‘‘ğŸ˜ğŸ˜,Hi! We love your feed and would love for you to rep our brand and help raise awareness for gender equality! Send us a direct message for more detail!,N/A,N/A,N/A,N/A
18,â›°ğŸŒª , ootd outfitoftheday outfitinspiration inspiration woman womanstyle fashion style lfl l4l likeforlike like4like instaphoto instadaily instalike photooftheday followme selfie picoftheday body polishgirl polskadziewczyna instagirls ootdfashion instagood beautiful smile,Åšwietne zdjÄ™ciağŸ’•jak chcesz zgarnÄ…Ä‡ darmowÄ… pomadkÄ™ w ramach Akcji POMADKA odezwij siÄ™ na privğŸŒ¸ğŸ§–ğŸ¼â€â™€ï¸,N/A,N/A,N/A,N/A
19,"Costumi Glitter âœ¨ â‚¬ 15,00
Taglia unica
Pezzo di sopra con coppetta 
Slip brasiliano 
Spedizione in 24/48 ore ğŸ
ğŸššPaga anche alla consegna
Per info, direct ğŸ“²

 beauty  ", body  glitter  bodyglitter  style  fashionweek  shop  shoppingonline  moda  cool  fashion  party  girlz  partydress  ootd  nightout  creativitylovesğŸ’•,N/A,N/A,N/A,N/A,N/A
20,, modafeminina  mulher  lookdodia  elegancia  instafashion  roupasfemininas  glamour  lindasmulheres  damoda  mulheres  divas  moda  body  lindasmulheres  glamour  modafashion  modafeminina  inverno2019  stylefashion,N/A,N/A,N/A,N/A,N/A
21,DziÅ› klata i triceps. ğŸ’ªğŸ’ªğŸ’ª Nie ma leniuchowania. ğŸ˜‰ @sebastian_szatan , trening  training  train  sportstyle  sporttozdrowie  gim  siÅ‚ownia  fit  cwiczenia  polskichlopak  polishboy  fitboy  men  mezczyzna  instafit  instaphoto  instaboy  zdrowie  sport  bodypositive  body  workout  mylife  fitboy  gymtime  chestday  chestworkout  chestworkouts  power  healthylifestyle  healthy  zdrowie,ğŸ‘ŒğŸ’ªğŸ˜‰,N/A,N/A,N/A,N/A
22,"Bom dia com look charmosissÃ­mo
Cropped  magaflare
ğŸ–¤59.99ğŸ–¤
Saia zÃ­per midi vinho que desenha o corpo ğŸ˜
ğŸ–¤59.99ğŸ–¤
ğŸ–¤
ğŸ–¤
ğŸ–¤
ğŸ–¤
ğŸ–¤
PeÃ§a jÃ¡ ğŸ‘‡ğŸ‘‡ â€”â€”â€”â€”â€”â€”â€”â€”â€”â€”â€”â€”â€”â€”â€”â€”-
Whtas 016991456703
ğŸ–¤
ğŸ–¤
ğŸ–¤
ğŸ–¤
ğŸ–¤
"," animalprint  cropped  croppedcobra  estampacobra  croppedmangaflare  mangaflare  saiamidi  saia  saiamidivinho  saiavermelha  provar  vida 
 blessed  stylefashion  style  loja  body  voudepitaya  pitayagirl  pitayaglam  pitaya  pitayaloversâ¤  bomdia",N/A,N/A,N/A,N/A,N/A
23,Pan mnie troszkÄ™ zawstydziÅ‚ ğŸ˜‚ğŸ¤¦ğŸ»â€â™‚ï¸," wspomnienia
 museum  muscle  art  rzezba  wroclaw  classic  brunet  polishboy  instaboy  muscle  sport  body  erot  pic  smile  crazy",N/A,N/A,N/A,N/A,N/A
24,"Lubimy dobrze zjeÅ›Ä‡ ğŸ˜‰
Dzisiejszy obiadek z diety sport ğŸ’ªğŸ» ", dinner fit strong body oneworldfitnessclub fitprzystanğŸ¥‘ğŸğŸ¥¦ğŸ¥©,N/A,N/A,N/A,N/A,N/A
25,"No Flex Zone ğŸ‘½
 ", gym  gymlife  workout  gymfreak  toptags  gymtime  gymrat  bodybuilding  gymmotivation  train  fitfam  progress  muscle  training  befit  health  gymaddict  instahealth  hulk  body  fit  strong  motivation  determinant  determination  instadaily  musclegain  cleaneating  exercise,Look at @ina.2xx,N/A,N/A,N/A,N/A
26,"Body Oncinha - Tamanho P.
R$13,00
Semi Novo.

", body  bodybrecho  babybrecho  brechokids  baby  instababy  desapegosdemenina  desapegosbebe,N/A,N/A,N/A,N/A,N/A
27,5 series hasta el fallo ğŸ’¦ğŸ‘Š, gymgirl  workout  fitness  fit  girl  bodypaint  body  barrasparalelas,N/A,N/A,N/A,N/A,N/A
28,"Follow me ğŸ’¯(@tumblr.pircing)ğŸ’¯ for more!ğŸ‘½
", piercing  tumblrpiercing  tumblr  love  like  Piercings  piercinglove  piercingsmile  piercinginspiration  body  pircinggirls  piercingboys  instapiercing  earpiercing  helixpiercing  helixpiercings  lobepiercing  conchpircing  snugpiercing  conchpircings  earpierced  daithpiercing  smilepircing  rookpircing  industrialpiercing  tumblrgirl  tumblrboy  piercedearring,ğŸ’ğŸ˜,N/A,N/A,N/A,N/A
29,ğŸŒº  goodmorning ğŸŒº My pleasure having @4everyoung_antiaging at @busybodyfitnesscenters ğŸ™ŒğŸ¼ this morning  Hope to see everyone this Friday for the Grandopening of the Delray location @4everyoungdelray ğŸ’ƒğŸ»ğŸ’«ğŸ’š @mario_deluca @doug_scott88  soflo  @carlton_washington_ @denizduygulu @sladearella @skyylyfe, 4everyoung  antiaging  busybody  busybodyfitness  video  videoclip  instavideo  videos  shoutout  bocaraton  localbuisness  beauty  beautiful  lifestyle  wellness  fit  body  healthy  botox  fillers  hrt  localbusiness  socialmedia  socialmediamarketing ,N/A,N/A,N/A,N/A,N/A
30,"Body tule o queridinho do momentoâ™¥ï¸ R$69,90
.
Corre para garantir a sua no 
Direct @miastorestore
.
.
Envio para todo Brasil!

 paete   canelada  ", moda  lookdodia  miastorestore  tendencias  modabloggueira  instafashion  modafeminina  conforto  elegancia  body  tee  podrinha  primaveraverao  modasp  instablog  calcajogger  viscose  bodytule  sofisticacao  balada  calcacargo  instafashion  modasp  RS  blusamoletom,N/A,N/A,N/A,N/A,N/A
31,"Just happyğŸ’«â¤ï¸
.
.
.
.
.
.
 weekends  ", girl  summer  july  body  belarus  minsk  goodday  photo  mood  moments  photooftheday  water  village  like4likes  lake  followme  followforfollowback  instadaily  hot  style  morning  life  likeforlikes  instalove  liketime  memories  amazing  vacation  me,ĞšĞ°ĞºĞ¸Ğµ ĞºĞ»Ğ°ÑÑĞ½Ñ‹Ğµ â¤ï¸ ÑÑ‡Ğ°ÑÑ‚ÑŒÑ Ğ²Ğ°Ğ¼,"ĞœĞ¸Ğ»Ñ‹Ğµ Ñ‚Ğ°ĞºĞ¸Ğµ, Ñ„Ğ¾Ñ‚Ğ¾ Ğ¾Ñ‚Ğ»Ğ¸Ñ‡Ğ½Ğ¾Ğµ",N/A,N/A,N/A
32,I am beautiful. â˜ºï¸ , beauty  confidence  confident  body  bodyconfidence  beautiful  natural  selfie  fun  snapchat  happiness  happy  peace  peaceful,N/A,N/A,N/A,N/A,N/A
33,"TONIGHT! I teamed up 3 Rivers Outdoor Co to lead Walking Meditation in Frick Park. We meet at the shop about 6:50pm@and walk from 7-8pm. 
 Repost @3riversoutdoorco with @get_repost
ãƒ»ãƒ»ãƒ»
This Wednesday, we'll be starting a limited series of meditation walks through Frick Park with @vitalwithlolo. Walking meditation is an active mindfulness practice that has you walking with intention and purpose in a forested area and connecting with the elements. Walking meditation is stillness in action.

The benefits of  walkingmeditation are stress reduction and lowered blood pressure. The pace is slow as we observe and take in the  elements and practice  breathing exercises to  calm the  body and help us focus our  intention within the body and how it resides within our environment. All levels are welcome!
.
We'll be doing this ever other Wednesday in July, starting with the 3rd! Meet at 3ROC at 6:50pm. Please help us plan ahead by registering on our website! Suggested $10 donation. 
", meditation  pittsburgh  meditate  forestbathing  shinrinyoku  walk  frickpark  3riversoutdoorco  vitalwithlolo,N/A,N/A,N/A,N/A,N/A
34,"Still growing.... step fÃ¼r step  kein Meister ist vom Himmel gefallen. Wer wirklich Muskeln  aufbauen will, der brauch viel Geduld, Willen, Disziplin, Kampfgeist ordentlich apetitt und genug Geld ğŸ’¥ğŸ’¯
Lass die Leute die Ã¼ber dich Urteilen nur reden ,sie verstehen einfach nicht  das dieser Sport eine Lebenseinstellung  ist  wie bei jeder anderen Sache  auch . Wenn man was gerne macht und mit voller Hingabe !! Warum gÃ¶nnt man es einem nicht ,wir gÃ¶nnen doch auch den anderen Leuten ihre Sachen ,jeder kann doch sein Geld ausgeben wofÃ¼r er will ich wÃ¼rde mir z.b. nicht fÃ¼r tausende  von euros  Equipment  zum Tauchen holen oder fÃ¼r BÃ¼cher  oder sonst was . Es ist doch jedem selber Ã¼berlassen fÃ¼r was er brennt , warum muss man einen Sportler dann dafÃ¼r verurteilen was er Ã¼ber alles liebt ?? In diesem Sinne  geb niemals auf und glaub immer an eich selbst  der Rest ist egal.....
ğŸ’¯
ğŸ’¯
âŒ
", body bodybuilder bodybuilding offseason eatrealfood morebeef passion picoftheday lifestyle dreambig diedhard nevergiveup bestsportever tattoo muscles foodiseverything believe,"Looking great! would love to work together, direct message me !!",Word.,N/A,N/A,N/A
35,"Elas chegaram!! â¤ğŸ‘
Hair chips R$ 10,00.

Venha para Bella Nina vocÃª sempre Bella !!!. WhatsApp: api.whatsapp.com/send?phone=5511988726126
Whats: 11 98872 6126

Rua: Dr AntÃ´nio da Cruz 501 - Centro. BraganÃ§a Paulista -SP

"," bomdia  boatarde  moda  estilo  roupas  lookdodia
 body  detalhes  vocenamoda  bemvestido  modaparatodos  instademoda  modablogueira  modaFeminina  modaembraganca  modaComEstilo  moderna  bragancapaulista  preÃ§ojusto  sp  instalove",N/A,N/A,N/A,N/A,N/A
36,"Biceps FreakğŸ—»ğŸ”¥ğŸ”¥ğŸ”¥ğŸ”¥
â–â–â–â–â–â–â–â–â–â–
"," fitness gym bbg body bodybuilding muscle gains bestmod gymlife fitfam fitnessmotivation workout suppliment nuttration shredded fit
@fitness_freaks00",".
.
.
.
.
.
.
.
.
.
#jymÂ #chesttrainingÂ #supersetÂ #menphisiqueÂ #heraxhero#backdoublebicepsÂ #timeundertensionÂ #chestpress#internationalchestday",N/A,N/A,N/A,N/A
37,"ã€æ¨ªå‘ããƒœãƒ‡ã‚£ã‚±ã‚¢ç ”ä¿®â£ï¸ã€‘
ã†ã¤ä¼ã›ãŒé•·ã„ãƒœãƒ‡ã‚£ã‚±ã‚¢ãŒè‹¦æ‰‹â€¦ã€‚
åœ§è¿«ãŒè‹¦ã—ãæ„Ÿã˜ã¦ã—ã¾ã†â€¦ã€‚
ãã‚“ãªæ–¹ã®ç‚ºã«ç”Ÿã¾ã‚ŒãŸã€ã€æ¨ªå‘ããƒœãƒ‡ã‚£ã‚±ã‚¢ã€‘
ç ”ä¿®+è©¦é¨“ã‚’å—ã‘ã€èªå®šã•ã‚ŒãŸã‚»ãƒ©ãƒ”ã‚¹ãƒˆã ã‘ãŒæ–½è¡“ã™ã‚‹äº‹ã‚’èªã‚ã‚‰ã‚Œã¦ã„ã¾ã™âœ¨
ç„¡äº‹ã«ç ”ä¿®ã¨è©¦é¨“ã«åˆæ ¼ã™ã‚‹ã¨ã€éƒ½ç¯‰ã¯8æœˆæœ«ã‹ã‚‰æ¨ªå‘ããƒœãƒ‡ã‚£ã‚±ã‚¢ã®æ–½è¡“ãŒå¯èƒ½ã«ãªã‚Šã¾ã™ğŸ˜Šâœ¨
å…¨å›½ã‹ã‚‰é›†ã¾ã£ãŸâ¬†ï¸ãƒ™ãƒ†ãƒ©ãƒ³ã®å…ˆè¼©ãŸã¡ã¨å…±ã«å­¦ã¹ã‚‹ç ”ä¿®ãŒã€ã¨ã£ã¦ã‚‚åˆºæ¿€çš„ã§æ¥½ã—ã„â€¼ï¸ğŸ˜
é ‘å¼µã‚‹ãã€œã€œâ€¼ï¸ğŸ’ª
â¤ï¸
ç¾åœ¨ã¯ã€55æ­³ä»¥ä¸Šãƒ»60åˆ†ä»¥ä¸Šã®ã‚³ãƒ¼ã‚¹ã€‘ã®æ–¹ã®ã¿æ–½è¡“ã‚’å—ã‘ã‚‹äº‹ãŒã§ãã¾ã™ãŒã€8æœˆ1æ—¥ã‹ã‚‰ã€70åˆ†ä»¥ä¸Šã®ã‚³ãƒ¼ã‚¹ã€‘ã§ã‚ã‚Œã°å¹´é½¢åˆ¶é™ç„¡ãã©ãªãŸã§ã‚‚æ–½è¡“OKğŸ‘ã«ãªã‚Šã¾ã™âœ¨
â¤ï¸
æ¨ªå‘ãã§ãƒœãƒ‡ã‚£ã‚±ã‚¢ã‚’å—ã‘ã‚‹äº‹ã§ã€ä»Šã¾ã§å—ã‘ãŸã“ã¨ã®ç„¡ã„æ„Ÿè¦šã®éƒ¨ä½ã‚‚ã‚ã‚Šã€æ–°ãŸãªä¸–ç•ŒãŒåºƒãŒã‚‹ã‹ã‚‚â€¦ğŸ¤©
â¤ï¸
", ãƒœãƒ‡ã‚£ã‚±ã‚¢  æ¨ªå‘ã  æ¨ªå‘ãæ¤œå®š  ã»ãã—  body  care  ç ”ä¿®  ã‚¢ã‚«ãƒ‡ãƒŸãƒ¼  å‹‰å¼·  èªå®šã‚»ãƒ©ãƒ”ã‚¹ãƒˆ  ãƒ™ãƒ†ãƒ©ãƒ³  å…ˆè¼©  æ¥½ã—ã„  ã‚¨ã‚¹ãƒ†  ã‚µãƒ­ãƒ³  ãƒ©ãƒ•ã‚£ãƒ  ãƒªãƒãƒ¼ã‚¹æ±äº¬  ãƒªãƒ©ã‚¯ã‚¼ãƒ¼ã‚·ãƒ§ãƒ³  ç™’ã—  ã„ã„ã­è¿”ã—  photooftheday  2019bestnine,N/A,N/A,N/A,N/A,N/A
38,"...Someone out here has it 10x worst. If you're not dying of an illness. If you're not in prison. If you're not in a toxic/abusive relationship. If you're not broke/starving/homeless. If you haven't been tossed aside by family...YOU'RE ALREADY ON TOP. .
.
.

", business  sport  photography  fitnessmodel  instafit  bhfyp  exercise  fitnessaddict  art  fashion  cardio  diet  abs  determination  gymmotivation  weightloss  inspirationalquotes  mindset  healthylifestyle  positivevibes  gains  picoftheday  strength  body  quote  crossfit  quoteoftheday  eatclean  model  dedication,TruthğŸ’¯ğŸ’¯ğŸ’¯ğŸ’¯ğŸ’¯,N/A,N/A,N/A,N/A
39,"Vilken vinst/ upplevelse!
Tack @victusmedical & @beautybox.stockholm fÃ¶r upplevelsen â¤ï¸ FÃ¶r er som inte vet sÃ¥ Ã¤r detta en behandling som heter EMSculpt. Den arbetar med magnetiska impulser som fÃ¥r dina muskler att aktiveras, djupare och hÃ¥rdare Ã¤n du kan sjÃ¤lv med t.ex. crunches eller situps.

Efter en 30 min session har magens muskler fÃ¥tt uppleva 20.000 situps.
Det sÃ¤gs att denna metod ska minska fettmassan och Ã¶ka muskelmassan. Vem vill inte det!? â¤ï¸ SÃ¥, hur kÃ¤nns en behandling?
Jaaa, som om du har tusen arga flugor som smiskar din mage med lika mÃ¥nga smÃ¥ flugsmÃ¤llor. Det varvas med klappar som pÃ¥minner om att du har en glasskiva pÃ¥ magen som nÃ¥gon bankar pÃ¥.
Inget av detta gÃ¶r ont, det Ã¤r bara oerhÃ¶rt ovanligt. Det tog ett tag fÃ¶r mig att bli bekvÃ¤m med det.

Pris?
10.000 kronor fÃ¶r en/ fÃ¶rsta behandling. FÃ¶r att fÃ¥ bÃ¤sta resultat Ã¤r det bra att gÃ¥ 4 gÃ¥nger vilket Ã¤r rekommendationen. â¤ï¸ Sugen? Va redo att Ã¤ta lunch efter fÃ¶r du kommer bli hungrig och glÃ¶m inte att gÃ¥ pÃ¥ toa innan ğŸ˜‚
*
*
", body  emsculpt  magnet  shape  beauty  muscles  fat  reshape,N/A,N/A,N/A,N/A,N/A
40,, beachgirl  beach  beachbody  beachwaves  italy  body  bodypositivity  bodybuildingwomen  bodytransformation  runninggirl  runningmotivation  runners  mare  hawaiiantropic  sun  fun  rayban  dog  dogsofinstagram  instabodybuilding  dogsofinstagram  instagood  ,N/A,N/A,N/A,N/A,N/A
41,"ğŸ’ªĞ¡ĞµÑ€Ğ³ĞµĞ¹ Ğ‘ÑƒĞ±ĞºĞ°.
Ğ¡Ğ¾Ğ²ĞµÑ‚ÑĞºĞ¸Ğ¹ Ğ¸ ÑƒĞºÑ€Ğ°Ğ¸Ğ½ÑĞºĞ¸Ğ¹ ÑĞ¿Ğ¾Ñ€Ñ‚ÑĞ¼ĞµĞ½ Ğ¡ĞµÑ€Ğ³ĞµĞ¹ Ğ‘ÑƒĞ±ĞºĞ° - Ğ½Ğ°ÑÑ‚Ğ¾ÑÑ‰Ğ°Ñ Ğ»ĞµĞ³ĞµĞ½Ğ´Ğ° Ğ»ĞµĞ³ĞºĞ¾Ğ¹ Ğ°Ñ‚Ğ»ĞµÑ‚Ğ¸ĞºĞ¸. Ğ—Ğ° Ğ´ĞµÑÑÑ‚ÑŒ Ğ»ĞµÑ‚ Ğ¾Ğ½ ÑƒÑÑ‚Ğ°Ğ½Ğ¾Ğ²Ğ¸Ğ» 35 Ğ¼Ğ¸Ñ€Ğ¾Ğ²Ñ‹Ñ… Ñ€ĞµĞºĞ¾Ñ€Ğ´Ğ¾Ğ² Ğ² Ğ¿Ñ€Ñ‹Ğ¶ĞºĞ°Ñ… Ñ ÑˆĞµÑÑ‚Ğ¾Ğ¼. Ğ’ 1985 Ğ³Ğ¾Ğ´Ñƒ Ğ² ĞŸĞ°Ñ€Ğ¸Ğ¶Ğµ Ğ‘ÑƒĞ±ĞºĞ° Ğ¿Ğ¾ĞºĞ°Ğ·Ğ°Ğ» Ğ¸ÑÑ‚Ğ¾Ñ€Ğ¸Ñ‡ĞµÑĞºĞ¸Ğ¹ Ñ€ĞµĞ·ÑƒĞ»ÑŒÑ‚Ğ°Ñ‚ - ĞµĞ¼Ñƒ Ğ¿ĞµÑ€Ğ²Ğ¾Ğ¼Ñƒ Ğ¿Ğ¾ĞºĞ¾Ñ€Ğ¸Ğ»Ğ°ÑÑŒ Ğ²Ñ‹ÑĞ¾Ñ‚Ğ° Ğ² ÑˆĞµÑÑ‚ÑŒ Ğ¼ĞµÑ‚Ñ€Ğ¾Ğ². ĞĞ¾ Ğ½Ğ° ÑÑ‚Ğ¾Ğ¼ Ğ°Ñ‚Ğ»ĞµÑ‚ Ğ½Ğµ Ğ¾ÑÑ‚Ğ°Ğ½Ğ¾Ğ²Ğ¸Ğ»ÑÑ. ĞŸĞ¾Ğ½ĞµĞ¼Ğ½Ğ¾Ğ³Ñƒ Ğ¾Ğ±Ğ½Ğ¾Ğ²Ğ»ÑÑ ÑĞ¾Ğ±ÑÑ‚Ğ²ĞµĞ½Ğ½Ñ‹Ğµ Ğ´Ğ¾ÑÑ‚Ğ¸Ğ¶ĞµĞ½Ğ¸Ñ, Ğ¾Ğ½ ÑƒÑÑ‚Ğ°Ğ½Ğ¾Ğ²Ğ¸Ğ» Ğ½ĞµĞ´Ğ¾ÑÑ‚Ğ¸Ğ¶Ğ¸Ğ¼Ñ‹Ğ¹ Ğ´Ğ»Ñ ÑĞ¾Ğ²Ñ€ĞµĞ¼ĞµĞ½Ğ½Ñ‹Ñ… ÑĞ¿Ğ¾Ñ€Ñ‚ÑĞ¼ĞµĞ½Ğ¾Ğ² Ñ€ĞµĞ·ÑƒĞ»ÑŒÑ‚Ğ°Ñ‚ Ğ² 6 Ğ¼ĞµÑ‚Ñ€Ğ¾Ğ² 14 ÑĞ°Ğ½Ñ‚Ğ¸Ğ¼ĞµÑ‚Ñ€Ğ¾Ğ² Ğ½Ğ° Ğ¾Ñ‚ĞºÑ€Ñ‹Ñ‚Ğ¾Ğ¼ ÑÑ‚Ğ°Ğ´Ğ¸Ğ¾Ğ½Ğµ Ğ¸ 6,15 Ğ² Ğ·Ğ°Ğ»Ğµ.
ğŸ’ªĞ›ĞµĞ¾Ğ½Ğ¸Ğ´ Ğ¢Ğ°Ñ€Ğ°Ğ½ĞµĞ½ĞºĞ¾.
ĞĞ° ĞšÑƒĞ±ĞºĞµ ÑÑƒĞ¿ĞµÑ€Ñ‚ÑĞ¶ĞµĞ»Ğ¾Ğ²ĞµÑĞ¾Ğ² Ğ² Ğ°Ğ²ÑÑ‚Ñ€Ğ°Ğ»Ğ¸Ğ¹ÑĞºĞ¾Ğ¹ ĞšĞ°Ğ½Ğ±ĞµÑ€Ñ€Ğµ Ğ¢Ğ°Ñ€Ğ°Ğ½ĞµĞ½ĞºĞ¾ Ñ‚Ğ¾Ğ»ĞºĞ½ÑƒĞ» 266 ĞºĞ¸Ğ»Ğ¾Ğ³Ñ€Ğ°Ğ¼Ğ¼. Ğ’ ÑÑƒĞ¼Ğ¼Ğµ Ñƒ Ğ°Ñ‚Ğ»ĞµÑ‚Ğ° Ñ‚Ğ°ĞºĞ¶Ğµ Ğ¿Ğ¾Ğ»ÑƒÑ‡Ğ¸Ğ»ÑÑ Ğ¼Ğ¸Ñ€Ğ¾Ğ²Ğ¾Ğ¹ Ñ€ĞµĞºĞ¾Ñ€Ğ´ - 475 ĞºĞ¸Ğ»Ğ¾Ğ³Ñ€Ğ°Ğ¼Ğ¼.
ğŸ’ªĞœĞ¸Ñ…Ğ°ÑĞ»ÑŒ Ğ¨ÑƒĞ¼Ğ°Ñ…ĞµÑ€.
Ğ¨ÑƒĞ¼Ğ°Ñ…ĞµÑ€ Ğ±Ğ»Ğ¸ÑÑ‚Ğ°Ğ» Ğ½Ğ° Ñ‚Ñ€Ğ°ÑÑĞ°Ñ… ÑĞ°Ğ¼Ğ¾Ğ¹ Ğ¿Ñ€ĞµÑÑ‚Ğ¸Ğ¶Ğ½Ğ¾Ğ¹ Ğ³Ğ¾Ğ½Ğ¾Ñ‡Ğ½Ğ¾Ğ¹ ÑĞµÑ€Ğ¸Ğ¸ Ğ² Ğ¾Ğ±Ñ‰ĞµĞ¹ ÑĞ»Ğ¾Ğ¶Ğ½Ğ¾ÑÑ‚Ğ¸ Ğ¿Ğ¾Ñ‡Ñ‚Ğ¸ Ğ´Ğ²Ğ° Ğ´ĞµÑÑÑ‚ĞºĞ° Ğ»ĞµÑ‚. Ğ—Ğ° ÑÑ‚Ğ¾ Ğ²Ñ€ĞµĞ¼Ñ Ğ¾Ğ½ ÑƒÑĞ¿ĞµĞ» ÑĞµĞ¼ÑŒ Ñ€Ğ°Ğ· Ğ²Ñ‹Ğ¸Ğ³Ñ€Ğ°Ñ‚ÑŒ Ğ¤Ğ¾Ñ€Ğ¼ÑƒĞ»Ñƒ-1 Ğ¸ 91 Ñ€Ğ°Ğ· Ğ¿Ğ¾Ğ´Ğ½ÑÑ‚ÑŒÑÑ Ğ½Ğ° Ğ²Ñ‹ÑÑˆÑƒÑ ÑÑ‚ÑƒĞ¿ĞµĞ½ÑŒ Ğ¿ÑŒĞµĞ´ĞµÑÑ‚Ğ°Ğ»Ğ° Ğ¿Ğ¾ Ğ¸Ñ‚Ğ¾Ğ³Ğ°Ğ¼ Ğ¾Ñ‚Ğ´ĞµĞ»ÑŒĞ½Ñ‹Ñ… Ğ³Ğ¾Ğ½Ğ¾Ğº. Ğ¨ÑƒĞ¼Ğ°Ñ…ĞµÑ€ Ğ½ĞµĞ¸Ğ·Ğ¼ĞµĞ½Ğ½Ğ¾ Ğ·Ğ°ĞºĞ°Ğ½Ñ‡Ğ¸Ğ²Ğ°Ğ» ÑĞµĞ·Ğ¾Ğ½ Ğ½Ğ° Ğ¿ĞµÑ€Ğ²Ğ¾Ğ¼ Ğ¼ĞµÑÑ‚Ğµ Ğ¿ÑÑ‚ÑŒ Ğ»ĞµÑ‚ Ğ¿Ğ¾Ğ´Ñ€ÑĞ´ (Ñ 2000 Ğ¿Ğ¾ 2004 Ğ³Ğ¾Ğ´Ğ°), Ğ° Ğ² 2002 Ğ¾Ğ±ĞµÑĞ¿ĞµÑ‡Ğ¸Ğ» ÑĞµĞ±Ğµ Ñ‡ĞµĞ¼Ğ¿Ğ¸Ğ¾Ğ½ÑĞºĞ¸Ğ¹ Ñ‚Ğ¸Ñ‚ÑƒĞ» Ğ·Ğ° Ñ€ĞµĞºĞ¾Ñ€Ğ´Ğ½Ñ‹Ğµ ÑˆĞµÑÑ‚ÑŒ Ğ³Ğ¾Ğ½Ğ¾Ğº Ğ´Ğ¾ ĞºĞ¾Ğ½Ñ†Ğ° Ñ‡ĞµĞ¼Ğ¿Ğ¸Ğ¾Ğ½Ğ°Ñ‚Ğ°.
____________________________________
âœ…ĞœĞ°Ğ³Ğ°Ğ·Ğ¸Ğ½ ÑĞ¿Ğ¾Ñ€Ñ‚Ğ¸Ğ²Ğ½Ñ‹Ñ… Ñ‚Ğ¾Ğ²Ğ°Ñ€Ğ¾Ğ² VilliSport
âœ…Ğ”Ğ¾ÑÑ‚Ğ°Ğ²ĞºĞ° Ğ¿Ğ¾ ĞœĞ¾ÑĞºĞ²Ğµ Ğ¸ Ğ Ğ¤
âœ…Ğ£ÑÑ‚Ğ°Ğ½Ğ¾Ğ²ĞºĞ° Ğ¸ Ğ¼Ğ¾Ğ½Ñ‚Ğ°Ğ¶ ÑĞ¿Ğ¾Ñ€Ñ‚Ğ¸Ğ½Ğ²ĞµĞ½Ñ‚Ğ°Ñ€Ñ
", Ğ²Ğ¸Ğ»Ğ»Ğ¸ÑĞ¿Ğ¾Ñ€Ñ‚  villisport  fitness  Ñ„Ğ¸Ñ‚Ğ½ĞµÑ  Ñ„Ğ¸Ñ‚Ğ½ĞµÑĞ¾Ğ±Ğ¾Ñ€ÑƒĞ´Ğ¾Ğ²Ğ°Ğ½Ğ¸Ğµ  Ñ‚Ñ€ĞµĞ½Ğ°Ğ¶ĞµÑ€Ñ‹  ÑĞ¿Ğ¾Ñ€Ñ‚  Ğ¾Ñ‚ĞºÑ€Ñ‹Ğ²Ğ°ĞµĞ¼Ñ„Ğ¸Ñ‚Ğ½ĞµÑĞºĞ»ÑƒĞ±  Ñ€ĞµĞºĞ¾Ñ€Ğ´Ñ‹  ÑĞ¿Ğ¾Ñ€Ñ‚Ğ¼Ğ°Ğ³Ğ°Ğ·Ğ¸Ğ½  ÑĞ¿Ğ¾Ñ€Ñ‚Ñ€ĞµĞºĞ¾Ñ€Ğ´Ñ‹  body  ÑˆÑƒĞ¼Ğ°Ñ…ĞµÑ€  ÑĞ¿Ğ¾Ñ€Ñ‚  Ñ‚Ñ€ĞµĞ½Ğ¸Ñ€Ğ¾Ğ²ĞºĞ¸,N/A,N/A,N/A,N/A,N/A
42,"Body tuleâ™¥ï¸ R$69,90
.
Corre para garantir a sua no 
Direct @miastorestore
.
.
Envio para todo Brasil!

 paete   canelada  ", moda  lookdodia  miastorestore  tendencias  modabloggueira  instafashion  modafeminina  conforto  elegancia  body  tee  podrinha  primaveraverao  modasp  instablog  calcajogger  viscose  bodytule  sofisticacao  balada  calcacargo  instafashion  modasp  RS  blusamoletom,N/A,N/A,N/A,N/A,N/A
43,"Descuento del mes!

Corse underbust de charol con mosquetones delanteros.

Oferta desde:
$24.000 (XS - S)
$28.000 (M - L)
$32.000 (XL - XXL) (Precio real desde $30.000)

Los colores pueden ser a elecciÃ³n (negro, azul, rojo, blanco, beige)

Envios a todo chile via starken/correos de chile/chilexpress.

Model: @noidd
.
.
.
.
", building  citylife  bikini  cityscape  woman  town  body  skyscraper  architecturelovers  cities  lines  archilovers  architectureporn  architexture  eyes  look  blonde  sex  skyline  archidaily  perspective  composition  abstract  minimal  geometry  stylish  humanfactory  pink  legs  boobs,N/A,N/A,N/A,N/A,N/A
44,, modafeminina  mulher  lookdodia  elegancia  instafashion  roupasfemininas  glamour  lindasmulheres  damoda  mulheres  divas  moda  body  lindasmulheres  glamour  modafashion  modafeminina  inverno2019,N/A,N/A,N/A,N/A,N/A
45,"Ihr lieben wie handhabt ihr das eigentlich mit euren Kindern und dem Fernsehen?
Lasst ihr eure Kinder ab und zu nen Film oder Serie gucken? Oder gar kein Fernsehen? Ab welchen Alter?
Also bei und ist es so das der Fernsehr manchmal im Hintergrund lÃ¤uft und das interessiert den Kleinen nicht die Bohne. Aber wir haben mit ihm auch schon mal ne Folge von ner Kleinkinder Serie angeguckt, wir wollen zwar nicht das er viel oder jeden Tag was anguckt aber wir sind jetzt auch nicht total dagegen.
", werbung  babyboy  junge  mama  newmum  septemberbaby  inlove  verliebt  sommer  warm  summer  fernsehen  kinderserien  body  stoffwindel  sofa  kuscheln  kallax  DVD  prinzenrolle  spielen  kleineswunder  kleinerentdecker  serien  mittwoch  krabbelgruppe  mittag  fernbedienung,N/A,N/A,N/A,N/A,N/A
46,Book: nsmassage.com , nsmassage  massage  massagetherapy  miami  miamibeach  hialeahmassage  hialeah  body  l4l,N/A,N/A,N/A,N/A,N/A
47,"Conjunto body manga longa 100% algodÃ£o. DisponÃ­vel nos tamanhos RN ao G por apenas R$ 24 o conjunto.

Venha garantir o seu! Ganhe tambÃ©m brindes com suas compras na promoÃ§Ã£o  JatPontos ou tenha atÃ© 20% de desconto no atacado.

 crianca @jatmalhas ", roupainfantil  roupa  inverno  outuno  2019  tendencia  infantil  baby  inverno2019  outono2019  menina  menino  bebe  bomretiro  roupabarata  jose  paulino  zepaulino  body  conjunto  moda  mangalonga  rinoceronte,N/A,N/A,N/A,N/A,N/A
48,"â€œAs presentedâ€œ, aquarell and acryl color on paper. A painting about body shaming & self presentation.
", art  artist  selftaughtartist  painting  aquarell  acryl  acrylicpainting  aquarellpainting  surrealism  surreal  bodyshame  bodyshaming  naturalism  reality  modernart  modernartists  modernartist  cologne  kÃ¶ln  interpretation  selfpresentation  body  stage  shame,N/A,N/A,N/A,N/A,N/A
49,:)  bulgaria  made by Kaloyan Yankov- Koko at Kaos nunchakus tattoo, tatoo  tattoo tattooing kitesurfing@kaloyan.yankov  norwegiantattooers  norwegiantattooers  tattooedguys  tattoos  tattooed  tattooartist  cooltattoos  tattoosketch  tattooshop  drowning  tattooink  body  cooldrawing  amazingtattoos  art  sandefjord  skien  larvik  tÃ¸nsberg  oslo  drammen  vestfold  varna  norge  norway  no ,"ğŸ“©ğŸ“©Dm me to get cartoonğŸ“·ğŸ“· version of yourself made, Logo, graphics design and album cover hit me up on a low price ğŸ’¯ğŸ’¯ğŸ’¯don't forget to check my wall ğŸ’®ğŸ’®",N/A,N/A,N/A,N/A
50,"2015, ich bin froh das es die Vergangenheit ist, denn mein Zukunft sieht nicht so schlimm aus â˜ºï¸â˜ºï¸ğŸ¤ª
.
 schlank   motivation  "," abnehmen  Ãœbergewicht  leicht  gesund  abnehmen  gesundleben  positiv  glÃ¼cklich  traudich  erfolg  transformation 
 body  fit  krafttraining  essen  essenumstellung  sportlich  glutenfrei  richtig  muskelaufbau  kÃ¶rper  verÃ¤nderung  frauen  Fitness  leicht  gesundleben  bodychange  makeup  beauty",N/A,N/A,N/A,N/A,N/A
51,Legging e top camisetinha @mistressatelie,,#lookdodia #ootd #mood #fashion #moda #fashionstyle #fashion #fitness #fitnessmotivation #motivation #motivaÃ§Ã£o #uberlÃ¢ndia #minasgerais #lifestyle #health #healthlifestyle #saÃºde #estilosaudÃ¡vel #body #bodywear #beach #beachwear #versatilidade,N/A,N/A,N/A,N/A
52,"ğŸ‡©ğŸ‡¿ 1/2/3 VIVA L'ALGERIE ğŸ‡©ğŸ’šğŸ‡¿
Comment your flag ğŸ‘‡ğŸ‘‡ğŸ‘‡
.
.
.
", instagood  picture  photooftheday  girl  bestoftheday  bodybuilding  beauty  catsofinstagram  photography  instafashion  instalove  photoshoot  photoshooting  love  instadaily  tbt  instamood  photo  instafood  instapic  picoftheday  photographer  instacool  dogsofinstagram  nice  artist  instagram  goodmorning,N/A,N/A,N/A,N/A,N/A
53,,,"Elige un trabajo que ames, de esta manera transmitirÃ¡s ese amor a tus alumnos...",#natacion #aquadance #superandome #enfrentandomiedos #elmasfeliz #mibebe #nuestrodia #loamo #elmasbello #aleluia #polimento #taper # treinamento #treino #training #swimmer #swim #god #blessed #CDMX #swimming #aflotar #Mexico #pool #me #happy #body # fitness #smile #AcuaticNando #Acoxpa #EscuelaDeNatacion,N/A,N/A,N/A
54,"ULISSE  á½ˆÎ´Ï…ÏƒÏƒÎµÏÏ‚
Volando come una fiamma scoccata da formidabile arco Celeste. ğŸ¹ğŸ”¥
Foto: @emmegiproietto 
", ulisse  ulysses  aerial  aerialsilks  aerialist  dancer  maledancer  strenght  energy  extreme  dance  fly  acting  show  grottedicastellana  hellinthecave  bari  puglia  weareinpuglia  fire  passion  performance  atlhete  acrobat  body  greekgod,N/A,N/A,N/A,N/A,N/A
55,"Back & shoulders âœ”ï¸
.
.
.
.
.
.
.
", stl  stlouis  tuesday  workout  gym  latepost  fit  fitness  fitfam  gymshark  jordans  allblack  ootd  girlswholift  fitgirl  fitnessgirl  blonde  instagood  instafit  healthy  summer  body  photooftheday  potd  hairstylist  girlswithtattoos  gains  bootybuilding  fitmom  happygirl,You go girl damn! ğŸ˜ğŸ’ªğŸ¼ğŸ‹ğŸ»â€â™€ï¸,ğŸ’ªğŸ’ª,ğŸ’ªğŸ’ªğŸ’ªğŸ’ª,"Youâ€™re looking beautiful, girl â¤ï¸ğŸ˜ğŸ’ªğŸ¼","Stunning pictureğŸ’–ğŸ˜, DM ğŸ“© us your pictures for promotion ğŸ“¸ğŸ“¸"
56,"ğŸŒ¡Peso muerto convencional con dÃ©ficit + banda de resistencia.

", deporte  entrenamiento  powerlifting  powerliftingmotivation  body  powerbuilding  powerbodybuilding  powerlifter  strongman  squat  bench  deadlift  strength  fitness  cardio  gains  fitnessaddict  workout  bodybuilding  aesthetic  gym  training  strengthathlete  motivation  valledupar,ğŸ˜¬ğŸ’¥ Supremo,Tengo las esferas del dragÃ³n y estoy acto para un entreno hasta pedir semilla del ermitaÃ±o,Squad up our conditioning bunch. Take a glimpse this instagram page with no delay,@jose_barrera_rp,N/A
57,Legging e cropped @mistressatelie ğŸ–¤,,#lookdodia #ootd #mood #fashion #moda #fashionstyle #fashion #fitness #fitnessmotivation #motivation #motivaÃ§Ã£o #uberlÃ¢ndia #minasgerais #lifestyle #health #healthlifestyle #saÃºde #estilosaudÃ¡vel #body #bodywear #beach #beachwear #versatilidade,N/A,N/A,N/A,N/A
58,This is the year I make my stage debut.,,Ur such a brat,Cute tho I suppose,Nice!,#healthyfood #healthy #fit #fitness #fitnessmotivation #fitnessmodel #photooftheday #follow #lift #body #bodybuilding #ifbb #compete #lit #stayhumble #stayhungry #nevergiveup,N/A
59,"N O T H I N G .
[K O E R P E R S T U D I E  IX]

", berlin  summer  sun  light  me  portrait  selfie  body  skin  color  sunset  photography  image  art  instagood  iphonesia  love  handsome  man  gay  instagay  bestoftheday  picoftheday  cool  classic  silence  weekend  morning  mood no gym,"Hey Bro! Love your vibe, let's collab, DM main account @kenacho, store, tell them we sent you! ğŸ”¥",â¤ï¸,â˜®ï¸,Das ist ja mal Mega. GefÃ¤llt mir richtig gut. Schau doch mal be mir vorbei wenn du lust hast. LG Alan ğŸ˜Š,"The pic looks excellent , i really like the scene!"
60,," Beauty
 body 
 talent..",N/A,N/A,N/A,N/A,N/A
61,Good morning L.O.V.E â¤ï¸ , business  sport  photography  fitnessmodel  instafit  bhfyp  exercise  fitnessaddict  art  fashion  cardio  diet  abs  determination  gymmotivation  weightloss  inspirationalquotes  mindset  healthylifestyle  positivevibes  gains  picoftheday  strength  body  quote  crossfit  quoteoftheday  eatclean  model  dedication,"impressive, have a super week.!!!",So adorable! ğŸ˜€ Any interest in becoming a rep for beyondbeanie Check my profile for details. You'd be a great fit for it âœ¨,N/A,N/A,N/A
62,"Guys are needed to take a picture. That's why I have four sons ğŸ˜œ
.
.
.
.
", holiday  holidaytime  sun  polishgirl  women  mother  bikini  body  legs  bodyfit  fit  fitness  fitnessgirl  crossfitgirls  tuimagiclife  tuimagiclifepenelopedjerba  tuimagiclifepenelopebeach  tunisia  happiestplace  bestholiday  myself  portrait  instamood  instagood  instapic  instaphoto  instagirl,ğŸ˜ğŸ‘ŒğŸ”¥â¤ï¸ğŸ‘ğŸ“¸,ğŸ’šğŸ’šğŸ’š,Wow! Very nice photo ;),Very nice ğŸ‘ŒğŸ˜Š,do you still in djerba !!!
63,ğŸ’ªğŸ¾ , business  sport  photography  fitnessmodel  instafit  bhfyp  exercise  fitnessaddict  art  fashion  cardio  diet  abs  determination  gymmotivation  weightloss  inspirationalquotes  mindset  healthylifestyle  positivevibes  gains  picoftheday  strength  body  quote  crossfit  quoteoftheday  eatclean  model  dedication,ğŸ˜ğŸ˜ğŸ˜,I ğŸ‘€ u working!!!,ğŸ”¥ ğŸ‘ŒğŸ» ğŸ’ªğŸ»,ğŸ‘ğŸ‘Œ,Nice one!
64,".
.
.
.
.
", summer  summertime  photography  beach  beachbody  bestoftheday  pic  insta  instagram  instagood  instatravel  travelgram  likeforlikes  likeme  likeit  photo  tbt  beautiful  gorgeous  girl  sea  holiday  body  bodybuilding  instalike  instadaily,awwwğŸ˜µseksualuurobispikeee xardaoooğŸ˜ˆ damshokedamagdeğŸ˜‹,áƒ©áƒ”áƒ›áƒ áƒœáƒáƒ¤áƒ¢áƒáƒšáƒ˜áƒœáƒ áƒ áƒáƒ’áƒáƒ  áƒ›áƒáƒ›áƒ”áƒœáƒáƒ¢áƒ áƒ” â¤ï¸â¤ï¸,áƒ©áƒ”áƒ›áƒ áƒ™áƒáƒ™áƒšáƒ˜áƒ¡ áƒ¤áƒáƒ—áƒáƒšáƒ ğŸ¤©,âœ¨!,Wow wow wow super beautiful fantastÄ±c barby beyb princess shen dzalian lamazi khar from georgia the most beautiful girl spectacular spectacular super lamazi gogona number one georgian beautiful models sweet angel honeypot perfect ğŸ‘Œ mariam l love love You ğŸ˜ ğŸ‘ğŸŒ·ğŸ˜‹ğŸ˜‹ğŸ˜‹ğŸ˜‹ğŸŒ¸ğŸŒ¸ğŸŒºğŸ”¥ğŸ’‹ğŸŒ¹ğŸŒ¹ğŸŒ¹
65,"ì¼ë³¸ ì—¬í–‰ ìœ ë‹ˆë²„ì…œ ìŠ¤íŠœë””ì˜¤ ğŸ¡
", instagood  instaselfie  instadaily  instalike  selfie  selstagram  daily  followforfollowback  likeforlikes  likeforfollow  f4f  l4l  ootd  body  ì¼ìƒ  ë°ì¼ë¦¬ë£©  ì…€ì¹´  ì…€ìŠ¤íƒ€ê·¸ë¨  ì¢‹ì•„ìš”  ì¢‹ë°˜  ì¢‹ì•„ìš”ë°˜ì‚¬  ì„ íŒ”  ë§íŒ”  ì†Œí†µ  ëª¸ë§¤  ëª¸ë§¤ìŠ¤íƒ€ê·¸ë¨  ê°•ë‚¨  ì´íƒœì›  í™ëŒ€,ì„ íŒ”í•˜ê³  ê°ˆê»˜ìš” ë§íŒ”í•´ìš”ğŸ‘‹ğŸ˜‡,ì„ íŒ”í•˜ê³  ê°‘ë‹ˆë‹¤~~!!!,"Ğ ĞµÑĞ»Ğ¸ Ñ Ñ‚Ğ°Ğº Ğ¶Ğµ Ğ·Ğ°Ñ…Ğ¾Ñ‡Ñƒ, ĞºĞ°Ğº ÑÑ‚Ğ¾ Ğ¾ÑÑƒÑ‰ĞµÑÑ‚Ğ²Ğ¸Ñ‚ÑŒ ?",í—ë¦¬ìš°ë“œëª…í’ˆíŒ¨ì…˜ì— ê´€ì‹¬ì´ ë§ìœ¼ì‹  ë¶„ì´ë¼ë©´ http://pmrepl.com ë°©ë¬¸ ë¶€íƒë“œë¦½ë‹ˆë‹¤.,ğŸ‘ğŸ‘ğŸ‘
66,"RadicINK.
.
.Osservando attentamente le foto del progetto â€œRADICIâ€, il primo elemento che salta allâ€™occhio Ã¨ il corpo: spoglio, semplice e naturale. La cosa che mi fa impazzire sono le linee che si vengono a creare e lâ€™andatura che assumono. Per questo ho pensato che potessero diventare ipotetici tatuaggi. Quindi mi sono recato alla @lamalafedetattoostudio e grazie alla splendida abilitÃ  di @meg.marta_beltrami, ho potuto sperimentare questa prima immagine sulla mia pelle. 
Il bello di tutto ciÃ² Ã¨ poter far rinascere e continuare il progetto Radici sottoforma di altri stili artistici come in questo caso quello del tatuaggio.
.
photo @calleghernicolaphoto .
sketch and tatto @meg.marta_beltrami .
tattoo studio @lamalafedetattoostudio .
.
.
.
.
.
", tattoo  black  ink  skin  arm  photo  project  roots  radici  radicink  art  nude  nature  body  root  lines  curves  texture  fill  style  artistic  tattoartist  italy  veneto  treviso  conegliano  tattoostudio  lamalafedetattoo,N/A,N/A,N/A,N/A,N/A
67,"ğŸ’… Don't miss out on owning one of our best selling manicure tables! If you're in the market for a new or replacement table, visit our showroom and/or browse our inventory online now. http://ow.ly/5nDa30lU7pi

", salonbusiness  modernsalon  hairindustry  barberbusiness  barber  hairsalon  nailsalon  nailshop  dayspa  stylingstation  salon  salonfurniture  beautysalon  cosmetology  hair  body  style  follow  like  spa  cosmetologyschool  barberlife  furniture  cosmetologist  esthetician  losangeles  nails  home  nailtech  ccibeauty,N/A,N/A,N/A,N/A,N/A
68,"Hip Thrusts ğŸ’ª
.
.
", lamuscle  norateen  shesquats,#fitness#fit#fitnessmotivation#fitnessjourney#supplements#weightloss#bodybuilding#bodybuildingcom#sixpack#fatloss#diet#dietplan#slim#slimming#fitnessmodel#fitnessmodels#instafit#fitfam#body#gym#gymmotivation#norateenlife,N/A,N/A,N/A,N/A
69,"Resistant band training? What do you think about this specific kind of physical activity? I think it's extremely effective way to put some more muscle on and stimulate muscle fibre to grow even stronger. Consistency is the key as always.
", todaysworkoutdone  musclegrowth  musclegain  crushit  gymflor  beconsistent  knowyourgoal  aimhigh  mindsetiskey  energy  fit  fitness  workout  healthylifestyle  health  fitpreneur  staypositive  beyourself  love  life  happy  body  exercise  monacofitness  mncofitness,N/A,N/A,N/A,N/A,N/A
70,"It has not felt like I've been gone for two weeks....ğŸ¤” I've been so busy I've lost all tracks and traces of time ~ I also feel like there is never enough time for sleep! But anywho! Here are some fabric wrapped bracelets ~ â¤ğŸ§¡ğŸ’›
.
.
.
", denver  colorado  jewelry  jewelrymaking  jewelrydesigner  art  artist  design  body  scrubs  scrub  bodyscrub  natural  nature  ocean  oceanicembers  beauty  life  lifestyle  denver  colorado  photography  photographer  custom  instagram  insta  paypal,N/A,N/A,N/A,N/A,N/A
71,"Coke first, then pepsi, whats next? 
", hot  model  boy  picoftheday  instagood  instadaily  bestoftheday  outfitoftheday  instapic  pic  best  outfits  outfit  fashion  love  body  back  vsco  vscocam  vscofilter,N/A,N/A,N/A,N/A,N/A
72,"O enorme desequilÃ­brio que desencadeia ondas de dor chega a durar sÃ©culos num sistema familiar Ã© justamente a exclusÃ£o de um membro ğŸ‘¨ğŸ‘©ğŸ‘§ğŸ‘¦â €
â €
ğŸ‘‰ Excluir, desprezar, desconsiderar, negar a existÃªncia de um dos seus membros da famÃ­lia Ã© um ato gravÃ­ssimo que ressoa em todo os participantes daquela constelaÃ§Ã£o, atingindo os campos dos envolvidos de forma inexorÃ¡vel e trÃ¡gicaâ €
â €
A exclusÃ£o tem um raio de aÃ§Ã£o devastador nas vidas dos membros que nem conhecem o fato ğŸ˜¨â €
â €
âœ… A ConstelaÃ§Ã£o Familiar Ã© um conhecimento/filosofia e tambÃ©m uma aplicaÃ§Ã£o terapÃªutica que fala sobre a influÃªncia dos nossos relacionamentos familiares em nossa vidaâ €
â €
AtravÃ©s da ConstelaÃ§Ã£o Familiar, Ã© possÃ­vel observar as origens sistÃªmicas de determinadas dificuldades na vida do cliente. Os resultados do atendimento sÃ£o frequentemente descritos como aliviantes e liberadores ğŸ˜‰ğŸ‘â €
â €
Agende seu horÃ¡rio com a LÃºcia e saiba mais sobre nossos procedimentos ğŸ˜ŠğŸ‘â €
â €
ğŸ“± Fale conosco pelo Whatsapp: (12) 99237-4242â €
â €
 esteticaâ €
â €
Instituto Sandra Abreu ğŸ§¡ğŸ’™â €
â˜ Whatsapp (12) 99200-9557 | (12) 3624-2525â €
Largo da InconfidÃªncia 145 - Vila SÃ£o JosÃ©, TaubatÃ©", instituto  sandraabreu  workshop  corpo  energia  body  reiki  massagem  pompoarismo  mah  metodoabdominalhipopressivo  cuidado  saude  pilates  pilatesbiodinamico  biodinamico  constelacaofamiliar ,N/A,N/A,N/A,N/A,N/A
73,"ğŸ‘¯ Set bra+tanga
K setu je moÅ¾nÃ© dokoupit pÃ¡sek nebo pÃ¡sek-portupej (+300 KÄ)
ğŸ™Œ RuÄnÃ­ prÃ¡ce na objednÃ¡vku dle VÃ¡mi danÃ½ch rozmÄ›rÅ¯.
âœ‚ï¸U nÃ¡s mÃ¡te moÅ¾nost kombinovat spodnÃ­ i hornÃ­ dÃ­ly mezi rÅ¯znÃ½mi sety, vybrat barvu a krajku.
ğŸ·795 KÄ.
â¡Pro objednÃ¡vku napiÅ¡te nÃ¡m do Directu
"," spodnipradlo  pradlo  sexyzenashop  sexyzena  sexypradlo  obleceni  damskepradlo  damskeobleceni  sexyspodnipradlo  nicnikosile  erotickepradlo
 erotika  nocnikosile  pyzamo  souprava  komplet  body  ruÄnÃ­prÃ¡ce  czechgirl  damskamoda",N/A,N/A,N/A,N/A,N/A
74,"Tudo muuuuuuuito barato em moda feminina no @lojaocompre10jp . PeÃ§as lindas e com um precinho bom demais.
", moda  modafeminina  jampa  joaopessoa  mangabeira  bancarios  paraiba  mulher  body  blusa  blusinha  saia  short  vestido  oferta  ofertadodia  querodescontopb,N/A,N/A,N/A,N/A,N/A
75,"Hace como Gaspar y clavate un body comodo y fachero para pasar la jornada! .
ğŸ‘¶ğŸ»
.
", bebesfelices  setdenacimiento  body  mamadera  bernal  quilmes  caba  laplata  sublimar  sublimacionesxd  bebe  sublimados,N/A,N/A,N/A,N/A,N/A
76,"Â¡PersonalÃ­zalo! Desliza la imagen
.
Escoge el modelo, el color o estampado, tipo de panty y tallağŸ‘™
.
Te damos garantÃ­a por talla y calidad!!! ğŸ‘™ WhatsApp: 3107443771
.
.
.
.
", luxury  vestidosdebaÃ±o  vacaciones  summer  playa  bikinilover  bikinigirls  showroom  enterizos  dospiezas  tendencias  estampados  colores  doblefaz  sol  tangas  colombia  enviosinternacionales  calidadpremium  divinos  colombia  bikinis  playa  piscina  sol  verano  summer  vacaciones  enterizos  escotes  body  colores,N/A,N/A,N/A,N/A,N/A
77,"Morning Motivation: Keep going! Itâ€™s all part of the process!!! â €â €â €â €â €â €â €â €â €
â€¢â €â €â €â €â €â €â €â €â €
â€¢â €â €â €â €â €â €â €â €â €
â€¢â €â €â €â €â €â €â €â €â €
To be continued â €â €â €â €â €â €â €â €â €
 growtogether  ", motivation  entrepreneur  entrepreneurlife  peacewithin  selfcontrol  positivethoughts  healthybody  healthymind  nolimits  mind  body  soul  positivebody  ceo  motivator  bosslady  positiverelationships  perspective  garden  flowers  fruitofthespirit  patience  empower  freedom  philipinans  godlover  blog  selfdevelopmenttools  selfimprovement,N/A,N/A,N/A,N/A,N/A
78,"Autoestima Ã© a plena certeza de que vocÃª nÃ£o precisa de nada alÃ©m de vocÃª para ser feliz. 
Renove a sua se percebendo. ğŸ’•
Ensaio: CÃ­ntia 
Pic by @michellebartlettt 
 michellebartlett   retratosnaturais   aoarlivre   loira   horamagica   floresta   ensaionu   asanorte   loira   empoderamento   editorialphotography   lagosul  "," studiomichellebartlettğŸ“·
.
.
.
.
.
.
.
.
.
 retratofeminino  retratos  flona  mulheresdesucesso  fashion  body  sensual  brasilia  comestilo  minhabrasilia  brasilialinda  nu  lagoparanoa  asasul  empoderamentofeminino  lingerie  girlpower  lagoparanoa  nucleobandeirante",N/A,N/A,N/A,N/A,N/A
79,, modafeminina  mulher  lookdodia  elegancia  instafashion  roupasfemininas  glamour  lindasmulheres  damoda  mulheres  divas  moda  body  lindasmulheres  glamour  cool  friu  inverno,N/A,N/A,N/A,N/A,N/A
80,Endlich sind sie da !! , sport  jillianmichaels  motivation  body  krafttraining  auspowern  schwitzen  shred  hometraining  girlspower,Officer us workout convention! Eye this insta bio soon afterward you read this,N/A,N/A,N/A,N/A
81,"Do not let them underestimate your ambitions

", weightloss  body  diet  fitnessaddict  gymtime  bodybuilder  fitnessgirl  abs  yoga  powerlifting  nutrition  strength  goals  gymnastics  model  fitlife  instagram  nopainnogain  fashion  muscles  life  boxing  running  fitnesslife  sports  bhfyp  eatclean  getfit  mma,N/A,N/A,N/A,N/A,N/A
82,"Vai comemorar o primeiro aninho de sua princesa? Fazer smash the cake? EntÃ£o nÃ£o deixe de conferir nossos lukesâ¤ Body personalizado e saia de tule, feito com muito amor ğŸ‘‘ğŸ‘¸ğŸ€ Ã“tima opÃ§Ã£o de presenteğŸ Encomendas no direct ou whatsappğŸ“¦ visite tambÃ©m nossa loja. Link na bioğŸ’» .
.
.
.
.
 passarinho   smashcake   Princesa   FeitoComAmor   MÃ£eDeMenina  "," bodyjardimencantado  jardimencantado  Personalizados  Bordado  BodyCustomizado  Feltro  Body  saiadetule  tutu
  Maternidade  babyLuxo  LaÃ§os  bows  Menina  Handmade  Artesanato  TrabalhosManuais  cdqf  MundoRosa  MimoDeMenina  GoiÃ¢nia  GoiÃ¡s  bomdia",N/A,N/A,N/A,N/A,N/A
83,"A brincadeira comeÃ§ouğŸ’ª
 frio aqui nÃ£o existe
"," gap
 body fitness",N/A,N/A,N/A,N/A,N/A
84," DUALPOWERğŸ’£ğŸ’£ğŸ’£ Calzas con hermosos diseÃ±osğŸ˜
Talles S M L Y XL
$990
.
.
.   workout  ", gym  gymlife  gymfreak  gymtime  gymrat  bodybuilding  gymmotivation  train  fitfam  progress  muscle  training  photooftheday  health  gymaddict  instahealth  hulk  body  fit  strong  motivation  determinant  determination  instadaily  musclegain  hashto  cleaneating  exercise,N/A,N/A,N/A,N/A,N/A
85,"Czasem kiedy patrzÄ™ na niÄ…, to mam ciarki w gÅ‚Ä™bi duszy, teraz Å¼yje w Å›nie, ktÃ³rego chciaÅ‚em, dzisiaj nikt ma mnie nie budziÄ‡ 
", polishgirl  body  dress  mirror  smile,Zostawiam Ci follow i zostajÄ™ tu na staÅ‚e ğŸ¤—Chcesz siÄ™ wypromowaÄ‡? ğŸ’«ğŸ”¥ Zaobserwuj profil â¡ï¸ @xbujanowskax â¬…ï¸ğŸ’¥ a byÄ‡ moÅ¼e to wÅ‚aÅ›nie TY bÄ™dziesz nastÄ™pnÄ… osobÄ… ktÃ³rÄ… wybierzemy i wypromujemy! ğŸ”¥ğŸ”¥ğŸ”¥,N/A,N/A,N/A,N/A
86,"If you hear a voice within you say , â€œyou cannot paintâ€ ,  then by all means paint , and that voice will be silenced ğŸ”¥.
ğŸ“¸ @vision_perfecta . ğŸ‘— @vashowroom.pe . ğŸ’…ğŸ¼ @backstagejesusmaria ğŸ’„@annymakeupbeauty
ğŸ“ Hotel Rustica Pachacama .
.
.
.
. .
.
.
.
 feelinggood   photoshoot  ", enjoy  vibes  photoshoot  feeling  favorite  photographer  travel  heatlyfood  goodvibes  positivevibes  healthy  positivemind  balayage  blondie  hair  model  beauty  photobooth  blackandwhite  dresses  outfit  pose  smile  mind  body  soul  peace  free,MEGA ULTRA DIOSAAAAAAAAAAA !!! ğŸ˜ğŸ˜ğŸ˜ğŸ˜ğŸ˜ğŸ˜ğŸ˜ğŸ˜,Que bella y q lindo el vestido ğŸ’•ğŸ”¥,Porque no estas en Miss PerÃº!!ğŸ‘ğŸ‘ğŸ‘ğŸ‘ğŸ‘â¤ï¸ğŸ™Œ,N/A,N/A
87,"No quiero tu piropo, quiero tu respeto ğŸŒ¹",,#instamood #travel #travelblogger #instatravel #phototravel #fashionblogger #style #me #model #smile #relax #hot #picoftheday #body #summer #hair #ootd #igers #top #girl #sunset #sky #sevilla #sun #swimsuit #rose #love #woman #asos #lunares,The pic is cool! ğŸ˜,HermosağŸ‘ğŸ‘ğŸ‘ğŸ˜®ğŸ˜®ğŸ˜®ğŸ™ğŸ™ğŸ™,Que hermosa fotografÃ­a,N/A
88,"NOLITTâˆ†ğŸ‚
.
Meninas e esse Body brilha meus olhos de tÃ£o lindo e elegante que fica!!!âœ¨
.
Por Apenas $29,99
.
"," modafeminina
 lojasantaluzia
 varejomg
 amamosroupas 
 body 
 lojafeminina 
 sucessodevendas",N/A,N/A,N/A,N/A,N/A
89,"Usando o cÃ³d ğŸ¦‹ K290 ğŸ¦‹ vocÃª ganha 10% de desconto! CalÃ§a pantalona voo das araras  R$251,1 Aproveita o parcelamento em atÃ© 6x no site! E ainda ganhe o frete grÃ¡tis!
ğŸŒºwww.farmrio.com.brğŸŒº  @adorofarm ğŸŒºğŸ ", farmrio  farm  adorofarm  tonoadorofarm  moda  tendencias  brasil  tropical  euquerofarm  mundofarm  farmetes  bicho  verao20  likeforlike  vsco  instagood  farmetes  body  camisa  estampa  flores  vestidos  refloresta  lanÃ§amento,N/A,N/A,N/A,N/A,N/A
90,," rinofiller .
.
.
.
.
.
.
.
 drantonioperrotta  chirurgoplastico  surgeon  surgery  aesthetics  aestheticsurgery  aestheticmedicine  botulino  botox  filler
 breastaugmentation 
 liposuction 
 aestheticmedicine 
 plasticsurgery 
 beautiful 
 lips
 doublechin 
 fitness 
 body 
 perfectbody 
 jawline
 lipfiller 
 love  instagood  photooftheday  beautiful  girl  girls",N/A,N/A,N/A,N/A,N/A
91,"Conjuntos disponibles ğŸ˜
 purpuralight ğŸ’œ
EnvÃ­os a todo el paÃ­s âœˆï¸
WhatsApp ğŸ“² link en mi perfil â˜ğŸ»
Pago contra entrega en la ciudad de MedellÃ­n ğŸ›µ.
.
.
.
", emprendedora  sueÃ±os  estilo  moda  fashion  amolamoda  nice  empoderada  sefemenina  love  shop  glamour  mystyle  nice  buso  camisetas  body  blusones  conjuntos  tiendavirtual  medellin  purpuralight,N/A,N/A,N/A,N/A,N/A
92,"Quieres verte mÃ¡s Joven y tener mÃ¡s energÃ­a!! Baja hasta 15 kilos en un mes de forma natural, sin efecto rebote y sin aguantar hambre. AsesorÃ­a personalizada: ğŸ‘‡
https://bit.ly/2DemoBP o +573233950485
", sindieta  sinefectorebote  LipolÃ­quida  natural  salud  bienestar  belleza  amate  TLC  adelgazar  baja5librasen5dias  body  beauty  beautiful  loseweight  withoutexercise  withoutdiet  health  lose5lbsin5days  lookinggood  fitness  cerocelulitis  sincelulitis,N/A,N/A,N/A,N/A,N/A
93,"Abbynaturals radiance set â˜˜ï¸Abbynaturals body butter â˜˜ï¸Abbynaturals fruity black soap
â˜˜ï¸Abbynaturals facial clay mask ğŸ“ğŸ›ğŸ›ğŸ›µ 0249528404
Order today we deliver tomorrow. Delivery Mondays to Saturdays. 
", fruityblacksoap  blacksoap  africanblacksoap  likeforlikes  likeforfollow  skintreatments  treatyourskin  bathsoap  skinsoap  bodysoap  skinglow  eczematreatments  acnetreatment  skindiscoloration  eczematreatment  blemishcontrol  blemishfree  smoothskin  radiantskin  radiantskincare  glowskin  glowskincare  claymask  bentoniteclay  bentoniteclaymask  bodybutter  smoothskin  radiantskin  body  skincareroutine  skinglow  glow,N/A,N/A,N/A,N/A,N/A
94,"âš¡liberando utilidade
â€¢Qualquer dÃºvida me chamem na dm
â€¢Gostou? curta! NÃ£o custa nada
", utilidadepublica  utilidades  skincare  body  bodypositive  bodys  bodypainting  corpo  corpoperfeito,N/A,N/A,N/A,N/A,N/A
95,"CiaÅ‚o, moje ciaÅ‚o. Jestem Ci wdziÄ™czna, Å¼e codziennie rano mogÄ™ otworzyÄ‡ oczy, nawet jeÅ›li mÃ³j nastrÃ³j szampaÅ„ski nie jest.

TworzÄ™ z TobÄ… najbliÅ¼szÄ… i najbardziej intymnÄ… ze wszystkich relacjÄ™. To Ty pierwsze wiesz, kiedy juÅ¼ nie mam siÅ‚y, a kiedy mogÄ™ jeszcze dÅ‚ugo, dÅ‚ugo pracowaÄ‡. Dajesz mi subtelne znaki - czasem bÃ³l miÄ™Å›ni, czasem bÃ³l brzucha, aby zrobiÄ‡ sobie przerwÄ™. Nie zapominasz teÅ¼ o mocnych sygnaÅ‚ach, bo sÄ… momenty kiedy totalnie siÄ™ rozkÅ‚adasz chorobÄ…. Wtedy wiem, Å¼e przesadziÅ‚am. ZnÃ³w CiÄ™ nie doceniÅ‚am. ZnÃ³w pÄ™dziÅ‚am, znÃ³w na Ciebie w myÅ›lach jÄ…trzyÅ‚am - ""Å¼e nie takie"", ""Å¼e inne majÄ… lepsze"". Moje CiaÅ‚o - przepraszam CiÄ™ dziÅ› za te wszystkie zÅ‚e sÅ‚owa, ktÃ³re o Tobie powiedziaÅ‚am. DziÅ› jestem Ci bardzo wdziÄ™czna, bo dziÄ™ki mikroskopijnym procesom w Tobie - Å¼yjÄ™. I to jest najlepsza perspektywa Å¼ycia nie tylko doczesnego! <3 <3 <3 
A ty, jak siÄ™ obchodzisz ze swoim ciaÅ‚em? JesteÅ› mu wdziÄ™czna? Napisz, co ostatnio dobrego powiedziaÅ‚aÅ› o swoim ciele :) www.urzekajaca.pl/piekno
.
.
", ciaÅ‚o  body  kursdlakobiet  selfimprovement  rozwojosobisty  kochamsiebietakÄ…  positivevibes  positive  bepositive  beautiful  pieknokobiety  urzekajÄ…ca  youarebeautiful,N/A,N/A,N/A,N/A,N/A
96,"To fridage til mig ğŸŒ¸

", love  goodvibes  perfect  dress  girl  me  selfie  summer  sun  loveit  smile  dresses  whitedress  body  goals  beautiful  sweet  true  singlegirl  single  home  fri  life  music  â¤ï¸,"Are you single??
DM us fast",You are Queen â™•,N/A,N/A,N/A
97,, travel  sunshine  fittness  tattoo  ocean  sun  happy  lighthouse  body  bodybuilding,N/A,N/A,N/A,N/A,N/A
98,"Das bin ich, ich wÃ¼rde sagen, damals, es war 2015,hab ich nicht realisiert in was ich mich verwandelt habe, es ist wirklich ungesund, unschÃ¶n, unestetisch, und erst wenn du mit diÃ¤ten anfÃ¤ngst, dann kann echt schlimm werden ğŸ¤ªğŸ¤ªğŸ¤ªich bin sehr glÃ¼cklich das ich mein Leben QualitÃ¤t verbessert habe, in dem ich abgenommen habe, in dem ich in mir StÃ¤rke dafÃ¼r gefunden habe
.
 schlank   motivation  "," abnehmen  Ãœbergewicht  leicht  gesund  abnehmen  gesundleben  positiv  glÃ¼cklich  traudich  erfolg  transformation 
 body  fit  krafttraining  essen  essenumstellung  sportlich  glutenfrei  richtig  muskelaufbau  kÃ¶rper  verÃ¤nderung  frauen  Fitness  leicht  gesundleben  bodychange  makeup  beauty",N/A,N/A,N/A,N/A,N/A
99,"30 days ğŸ—“
19 flights ğŸ›«
14 cities ğŸ™
9 shows ğŸ§
0 drinks ğŸ¹âœ–ï¸
9 workouts ğŸ‹ğŸ»â€â™‚ï¸ 56 Zero Bars ğŸ« @biotechusa 
this is my tour life, healthy life everyday ğŸ’ª
.
.
.
 chinatour ğŸ‡¨ğŸ‡³ powered by @sgentertainmentshanghai .
.
.
ğŸ“¸ @noise_woo 
", BioTechUSA  GetMore,N/A,N/A,N/A,N/A,N/A
100,Facetoface , bnw  bnwphotography  girl  noir  portrait  beauty  photo  magic  movie  nude  vintage  boudoir  analogphotography  filmphotography  blackandwhitephotography  people  nomodel  women  body  erotic  streetphotography  picoftheday  instagood  instadaily  berlin  oldschool  power  sporty  shape  eyecatcher,N/A,N/A,N/A,N/A,N/A
101,"â­•ï¸ÙˆØ±Ø²Ø´ÙƒØ§Ø± Ù…Ø§ Ø¯Ø± Ø§Ø¬Ø±Ø§ÙŠ Ø§ÙŠÙ† Ø­Ø±ÙƒØªØŒÙ¢ Ø§Ø´ØªØ¨Ø§Ù‡ Ø±Ø§ÙŠØ¬ Ø±Ùˆ Ù…Ø±ØªÙƒØ¨ Ø´Ø¯Ù‡ ÙƒÙ‡ Ù…Ø¹Ù…ÙˆÙ„Ø§ ØªÙˆ Ø¨Ø§Ø´Ú¯Ø§Ù‡ Ø´Ø§Ù‡Ø¯Ø´ Ù‡Ø³ØªÙŠÙ… ğŸ¤·â€â™‚ï¸Ùˆ Ø¨Ø§ Ø´Ø±Ø§ÙŠØ· Ù…ÙˆØ¬ÙˆØ¯ Ù†Ù…ÙŠØ´Ù‡ Ù…Ø³ØªÙ‚ÙŠÙ…Ø§ Ø§Ø´ØªØ¨Ø§Ù‡Ø´ÙˆÙ† Ø±Ùˆ Ú¯ÙˆØ´Ø²Ø¯ ÙƒØ±Ø¯. Ø¯Ø± Ø¹ÙˆØ¶ Ø§Ù…ÙƒØ§Ù† Ù†ÙˆØ´ØªÙ†Ø´ Ø¯Ø± Ø¨Ø®Ø´ ÙƒØ§Ù…Ù†Øª ÙˆØ¬ÙˆØ¯ Ø¯Ø§Ø±Ù‡. Ù…Ù…Ù†ÙˆÙ† Ù…ÙŠØ´ÙŠÙ… Ø¨Ø±Ø§Ù…ÙˆÙ† Ø¨Ù†ÙˆÙŠØ³ÙŠØ¯ ğŸ™
.
. @dr_alirezamiri @dr.ashkanmotaghiyan_ifbbpro @dr.torabimehr @damoon_ashtary @ifbbpro.omideskandari @mayan_zatparvar.official @mahdi_zatparvar @mahvash_imanifar_org @sahar_trx @mehransahraei125 @soheyla_gz 
@fit.shoow @iranmuscle @tajrobevarzesh @proobody @fitness_razm @fereshteh_azmoudeh @moojtaba_abed @hamed_akrami__trainer @kaveh.jazani @abtin_shekarabi.ifbbpro @ali.karami61 @kamranrezaei_official @misschamp.m.ahmadi @fit.p.e @bashir.online @behtan24 @bodybuilding_scientifically @vahidbadpey @shima.khani7_fit @farshidnezakati @faramarz.azizi @ghazal.kh17 @toofansalimian_ifbbpro @yaghoubian @neenee.khorsand.ifbb @amirgoodarziiii 
", ØªÙ…Ø±ÙŠÙ†  Ø§Ù…ÙˆØ²Ø´  Ø¨Ø§Ø´Ú¯Ø§Ù‡  ÙˆØ±Ø²Ø´  Ø¯Ù„ØªÙˆÙŠÙŠØ¯  Ø¨Ø¯Ù†Ø³Ø§Ø²ÛŒ_Ø¢Ù‚Ø§ÛŒØ§Ù†  Ø¨Ø¯Ù†Ø³Ø§Ø²ÛŒ_Ø¨Ø§Ù†ÙˆØ§Ù†  Ø¨Ø¯Ù†Ø³Ø§Ø²ÛŒ  Ø¨Ø¯Ù†Ø³Ø§Ø²ÛŒ_ØªØºØ°ÛŒÙ‡  Ø¨Ø¯Ù†Ø³Ø§Ø²ÛŒ_Ø·Ø¨ÛŒØ¹ÛŒ  Ø¨Ø§Ø¯ÙŠØ¨ÙŠÙ„Ø¯ÙŠÙ†Ú¯  ØªØºØ°ÛŒÙ‡  Ø³Ø±Ø´Ø§Ù†Ù‡  Ù¾Ø´Øª_Ø³Ø±Ø´Ø§Ù†Ù‡  Ù†Ø´Ø±Ø®Ù…_Ø³ÙŠÙ…ÙƒØ´  bodybuilding  body  bodytransformation  bodybuildingnation  exercise  exercisemotivation  chestpress  gym  muscle  fit  fitness  exercises  anatomy  biomechanics,Ø­Ø±Ú©Øª Ù†Ø´Ø± Ø®Ù… ØªÚ© Ø¯Ø³Øª Ø³ÛŒÙ… Ú©Ø´ Ù†Ú©ØªÙ‡ Ø§ÙˆÙ„ : Ú¯Ø±Ø¯Ù† Ø¯Ø± Ø§Ù…ØªØ¯Ø§Ø¯ Ø³Ø±Ø´Ø§Ù†Ù‡ Ù‡Ø§ Ù‚Ø±Ø§Ø± Ø¨Ú¯ÛŒØ±Ù‡ Ø¯ÙˆÙ… Ø§ÛŒÙ†Ú©Ù‡ Ù…Ú† Ù†Ø¨Ø§ÛŒØ¯ Ø®Ù… Ø¨Ø´Ù‡ Ùˆ Ø±Ùˆ Ø¨Ù‡ Ø¯Ø§Ø®Ù„ Ùˆ Ù‡Ù…ÛŒÙ†Ø·ÙˆØ± Ø®ÙˆØ¯ Ø¯Ø³Øª ÛŒØ¹Ù†ÛŒ Ø¯Ø³Øª Ú©Ø´ÛŒØ¯Ù‡ Ùˆ Ø§Ø±Ù†Ø¬ Ú©Ù…ÛŒ Ø®Ù… ÙˆÙ„ÛŒ Ø¯Ø± Ø§Ù…ØªØ¯Ø§Ø¯ Ø³Ø±Ø´Ø§Ù†Ù‡,Ù…Ú† Ø¯Ø³Øª,ØªÙ†Ù‡ Ù…ÙˆØ§Ø²ÛŒ Ø¨Ø§ Ø²Ù…ÛŒÙ† Ø¨Ø§Ø´Ø¯ ØŒ Ø³Ø± Ú¯Ø±Ø¯Ù† Ø­Ø§Ù„Øª Ø¹Ø§Ø¯ÛŒ Ù†Ù‡ Ø§ÛŒÙ†Ú©Ù‡ Ø¨Ø§Ù„Ø§ Ø¨Ú¯ÛŒØ±ÛŒÙ… ØŒ Ù…Ú† Ø¨Ù‡ Ø¯Ø§Ø®Ù„ Ù†Ø´Ú©Ù†Ø¯ Ø­Ø§Ù„Øª Ø¹Ø§Ø¯ÛŒØŒ Ø²Ø§ÙˆÛŒÙ‡ Ø¯Ø³Øª Ù‡Ù… Ø®ÛŒÙ„ÛŒ Ø¨Ø§ÛŒØ¯ Ú©Ù… Ø¨Ø§Ø´Ø¯ Ø¯Ø± Ø­Ø¯ Ø¯Ù‡ Ø¯Ø±Ø¬Ù‡ ØŒ Ù‚Ø¨Ù„Ø§ Ù‡Ù… Ø§Ø´Ø§Ø±Ù‡ Ú©Ø±Ø¯Ù… Ú©Ù‡ Ø¯Ø± Ù‡Ù…Ù‡ Ø­Ø±Ú©Ø§Øª Ø³ÛŒÙ…Ú©Ø´ Ù†Ø´Ø± Ø³Ø±Ø´Ø§Ù†Ù‡ Ù†Ø¨Ø§ÛŒØ¯ Ø¯Ø³Øª Ø§Ø² Ø¬Ù„ÙˆÛŒ Ø§Ø³ØªØ®ÙˆØ§Ù† Ø±Ø§Ù† Ø±Ø¯ Ø´ÙˆØ¯ Ú†ÙˆÙ† ÙØ´Ø§Ø± Ø¨Ø±Ø¯Ø§Ø´ØªÙ‡ Ù…ÛŒØ´ÙˆØ¯ Ù…Ø§ Ù‡Ø¯ÙÙ…ÙˆÙ† Ø¯Ø± Ø³ÛŒÙ…Ú©Ø´ Ø²Ø¯Ù† Ø§Ù„Ù‚Ø§ ÙØ´Ø§Ø± Ø«Ø§Ø¨Øª Ø¯Ø± Ø·ÙˆÙ„ Ø­Ø±Ú©Øª Ø¨Ù‡ Ø¹Ø¶Ù„Ù‡ Ø³Ø±Ø´Ø§Ù†Ù‡ Ø§Ø³Øª Ø¯Ø± Ø§ÛŒÙ† Ø­Ø±Ú©ØªØŒ Ø¯Ø³Øª Ø±Ø§ Ø±ÙˆÛŒ Ù¾Ø§ Ù†Ú¯Ø°Ø§Ø±ÛŒØ¯ Ú†ÙˆÙ† Ù…Ù…Ú©Ù†Ù‡ Ø¨Ù‡ Ø²Ø§Ù†Ùˆ ÙØ´Ø§Ø± Ø¨ÛŒØ§Ø¯ Ù…ÛŒØªÙˆÙ†Ù† Ù…ÛŒÙ„Ù‡ Ø³ÛŒÙ…Ú©Ø´ Ø±Ùˆ Ø¨Ú¯ÛŒØ±Ù†,Ø´Ú©Ø³ØªÙ† Ù…Ú†Ø´ Ùˆ Ø¨Ø§Ù„Ø§ Ø¢ÙˆØ±Ø¯Ù† Ø³Ø±Ø´ Ú©Ù‡ Ø¨Ø§Ø¹Ø«â€ŒÙ…ÛŒØ´Ù‡ Ø³Ø± Ùˆ Ø¨Ø¯Ù† Ø¯Ø± ÛŒÚ© Ø±Ø§Ø³ØªØ§ Ù†Ø¨Ø§Ø´Ù† Ùˆ Ø¯Ø±Ø¶Ù…Ù† Ù‡Ù†Ú¯Ø§Ù… Ø¨Ø§Ù„Ø§ Ø¢ÙˆØ±Ø¯Ù† Ø¯Ø³Øª ØŒØ¨Ø§Ø²Ùˆâ€Œ ØªØ§ Ø­Ø¯ÛŒ Ú©Ù‡ Ù…ÙˆØ§Ø²ÛŒ Ø²Ù…ÛŒÙ† Ø¨Ø´Ù‡ Ø¨Ø§ÛŒØ¯ Ø¨Ø§Ù„Ø§ Ø¨ÛŒØ§Ø¯,Ø´ÙƒØ³ØªÙ† Ù…Ú† ØŒØ­Ø§Ù„Øª Ø³Ø±ÙˆÚ¯Ø±Ø¯Ù†ØŒÙˆØ²Ø§ÙˆÙŠÙ‡ ÙŠ Ø¨Ø§Ù„Ø§ØªÙ†Ù‡ Ø¨Ø§ÙŠØ¯Ù…ÙˆØ§Ø²ÙŠ Ø¨Ø§Ø²Ù…ÙŠÙ† Ø¨Ø§Ø´Ù‡
102,ğŸ§˜ğŸ¼â€â™‚ï¸ğŸ‹ğŸ½â€â™‚ï¸ğŸ’¸âš”ï¸ğŸ’ˆğŸ’ body @choppppppa @whoisclever ," gym  gymislife  bodybuilding  fitness  mensphysique  work  workout  training 
 activegymfitness  noflexzone  tyngre  gymshark  nocco  gym  arms  diet  clever  nlechoppa  hiphop  rap  bodytransformation  boom  swe  flex  noshavelife  ganggang  backpac  arms","WowğŸ˜ğŸ’– stunning post, send us your pictures for pormotion",N/A,N/A,N/A,N/A
103,Temmuz ayÄ±nda olduÄŸumuza eminmiyiz.ğŸ™„, bodybuildingmotivation  fitnessmodel  aesthetics  muscles  bodybuilder  bodybuildinglifestyle  shredded  fitnessadict  squats  beastmode  physique  trainhard  strenght  ripped  instafit  npc  diet  dedication  photography  french  model  sport  body  gymnastics  musculation  instapic  sportlife  goals  nopainnogain  aesthetic,eminiz eminiz ğŸ‘¼ her Temmuz bÃ¶yle olsa ğŸ˜,Love your photos! â¤ï¸ hey read our bio and message us for shout-out details.,Keep up the good work!,looks delicious ğŸ˜,Ambassador our strength organization. Attention this instagram page with no delay
104,"I  O N C E  B E L I E V E D  I N  Y O U .

", me  potrait  selfie  closeup  color  red  black  form  shape  photography  tbt  picoftheday  instagood  body  talk  iphonesia  random  artsy  art  contemporaryart  love  handsome  man  gay  instagay  bestoftheday  icon  silence  light  tbt  mood,N/A,N/A,N/A,N/A,N/A
105,"A N Ã N K Ä’ .
[K O E R P E R S T U D I E  X I]

", me  potrait  selfie  closeup  face  beard  photography  image  bnw  blackandwhite  monochrome  tbt  picoftheday  instagood  body  talk  iphonesia  love  handsome  man  gay  instagay  bestoftheday  silence  melon  weekend,Nice!!,Blessings to you ğŸ™ğŸ½,"Hey  Phil, dope insta. Letâ€™s collab. Msg main account @kenacho and tell them we sent you! ğŸ”¥","Wow, was fÃ¼r ein interessantes Profil, sieht echt gut aus!",N/A
106,"M I R R O R M E.
[K O E R P E R S T U D I E  X]

", summer  sun  travel  light  morning  fresh  mirror  me  awareness  body  skin  hairy  portrait  muscles  natural  photography  image  color  tbt  picoftheday  instagood  iphoneography  iphonesia  love  handsome  man  gay  instagay  bestoftheday no gym,ğŸ”¥ğŸ”¥ğŸ”¥ğŸ˜ğŸ”¥ğŸ”¥ğŸ”¥,ğŸ”¥ğŸ”¥ğŸ”¥,You have one of the best galleries I've seen today!,#pride,Hot ğŸ”¥
107,"ĞšĞ¾Ğ³Ğ´Ğ° Ñ‚Ñ‹ Ğ´Ğ¾Ğ±Ñ€ ĞºĞ¾ Ğ¼Ğ½Ğµ, ĞºĞ¾Ğ³Ğ´Ğ° Ğ½ĞµĞ¶ĞµĞ½, ĞºĞ¾Ğ³Ğ´Ğ° Ğ²ĞµĞ´ĞµÑˆÑŒ ÑĞµĞ±Ñ ÑĞ¾ Ğ¼Ğ½Ğ¾Ğ¹ Ğ±ÑƒĞ´Ñ‚Ğ¾ Ñ - ÑĞ°Ğ¼Ğ¾Ğµ Ñ†ĞµĞ½Ğ½Ğ¾Ğµ, Ñ‡Ñ‚Ğ¾ Ñƒ Ñ‚ĞµĞ±Ñ ĞµÑÑ‚ÑŒ - Ñ Ñ‡ÑƒĞ²ÑÑ‚Ğ²ÑƒÑ ÑĞµĞ±Ñ Ğ¿Ğ¾Ğ´ Ğ·Ğ°Ñ‰Ğ¸Ñ‚Ğ¾Ğ¹. Ğ§ĞµÑÑ‚Ğ½Ğ¾Ğµ ÑĞ»Ğ¾Ğ²Ğ¾, Ğ¸ÑĞºÑ€ĞµĞ½Ğ½ÑÑ Ğ½ĞµĞ¶Ğ½Ğ¾ÑÑ‚ÑŒ, Ğ·Ğ°Ğ±Ğ¾Ñ‚Ğ° Ğ¸ Ğ±ĞµĞ·Ğ³Ñ€Ğ°Ğ½Ğ¸Ñ‡Ğ½Ğ°Ñ Ğ»ÑĞ±Ğ¾Ğ²ÑŒ - ĞºĞ»ÑÑ‡ ĞºĞ¾ Ğ²ÑĞµĞ¼Ñƒ. â™¾",,ğŸ–¤,Your profile is good! Please keep it up! ğŸ‘ğŸ‘,"Ğ£Ğ²Ğ¸Ğ´ĞµĞ»Ğ¸ Ğ¼ĞµĞ½Ñ - Ğ¿Ğ¾Ğ´Ğ¿Ğ¸ÑˆĞ¸Ñ‚ĞµÑÑŒ)
Ğ˜ Ğ½ĞµĞ³Ğ¾Ğ¹ Ğ¸ ÑÑ‚Ñ€Ğ°ÑÑ‚ÑŒÑ Ğ²Ñ‹ Ğ¾Ğ±ĞµÑ€Ğ½Ğ¸Ñ‚ĞµÑÑŒ..","Ğ Ğ»ÑĞ±Ğ²Ğ¸ (Ğ¿Ñ€Ğ¸Ğ²ĞµÑ‚ Ğ§ĞµÑˆĞµÑ‡ĞºĞµ!). Ğ¯ Ğ½Ğµ Ğ±ÑƒĞ´Ñƒ Ğ¿Ğ¸ÑĞ°Ñ‚ÑŒ Ğ¿Ñ€Ğ¾ Ğ³Ñ€ÑƒĞ´ÑŒ,
Ğ£Ğ¶ Ğ¿Ñ€Ğ¾ÑÑ‚Ğ¸Ñ‚Ğµ Ğ¼ĞµĞ½Ñ, Ğ¼ÑƒĞ¶Ğ¸ĞºĞ¸.
Ğ¯ Ğ½Ğµ Ğ±ÑƒĞ´Ñƒ Ñ„Ğ°Ğ»ÑŒÑˆĞ¸Ğ²Ğ¾ Ñ‚ÑĞ½ÑƒÑ‚ÑŒ:
Â«Ğ¡ĞµÑ€Ğ´Ñ†Ğµ Ñ€Ğ²Ñ‘Ñ‚ÑÑ Ğ¼Ğ¾Ğµ Ğ½Ğ° ĞºÑƒÑĞºĞ¸!Â» Ğ¯ Ğ½Ğµ ÑÑ‚Ğ°Ğ½Ñƒ ĞºÑ€Ğ¸Ñ‡Ğ°Ñ‚ÑŒ, Ñ‡Ñ‚Ğ¾ Ğ²ÑĞµ Ğ»Ğ³ÑƒÑ‚,
ĞĞµ Ğ¿Ğ¾Ñ€ĞµĞ¶Ñƒ ÑĞµĞ±Ğµ Ñ Ğ²ĞµĞ½.
Ğ”Ğ°, Ğ¼ĞµĞ½Ñ ĞÑ„Ğ°Ğ½Ğ°ÑĞ¸Ğ¹ Ğ·Ğ¾Ğ²ÑƒÑ‚,
ĞĞµ Ğ¸Ğ¼ĞµÑ Ğ»ÑĞ±Ğ¾Ğ²Ğ½Ñ‹Ñ… Ğ¿Ñ€Ğ¾Ğ±Ğ»ĞµĞ¼.

ĞĞµ ÑĞ¾Ğ¶Ğ³Ñƒ Ñ‚Ñ€Ğ¸ Ñ‚Ğ²Ğ¾Ğ¸Ñ… Ğ¿Ğ¸ÑÑŒĞ¼Ğ°,
Ğ˜ Ñ‚ĞµĞ±Ñ-Ñ‚Ğ¾ Ğ²Ğ¾Ğ¾Ğ±Ñ‰Ğµ Ğ½ĞµÑ‚.
ĞÑ‹Ğ½Ñ‡Ğµ Ğ²ĞµĞ´ÑŒ Ğ¸ Ğ»ÑĞ±Ğ¾Ğ²ÑŒ â€“ ĞºÑƒÑ‚ĞµÑ€ÑŒĞ¼Ğ°:
Ğ¡Ğ¸Ğ»ÑƒÑÑ‚ Ğ±ĞµĞ· Ğ¾Ğ´ĞµĞ¶Ğ´Ñ‹, Ğ±Ñ€ĞµĞ´.

Ğ—Ğ°Ğ³Ñ€ÑƒĞ¶Ğ°Ñ Ñ Ñ‚ĞµĞ»ĞµÑ„Ğ¾Ğ½,
ĞĞ°Ğ±Ğ¸Ñ€Ğ°Ñ Ñ…ĞµÑˆÑ‚ĞµĞ³ #Ğ»ÑĞ±Ğ¾Ğ²ÑŒ.
Ğ’Ğ¾Ñ‚ Ñ€ĞµĞºĞ»Ğ°Ğ¼Ğ° Ğ¿Ñ€Ğ¾ ÑĞ¸Ğ»Ğ¸ĞºĞ¾Ğ½,
Ğ’Ğ¾Ñ‚ Ğ»ÑĞ±Ğ¾Ğ²ÑŒ Ğ¿Ñ€ĞµĞ´Ğ»Ğ°Ğ³Ğ°ĞµÑ‚ Ğ›ÑĞ±Ğ¾Ğ²ÑŒ.

Ğ¢Ğ¾Ğ¼Ğ½Ğ¾ Ğ±Ğ°Ñ€Ñ‹ÑˆĞ½Ñ Ğ³Ğ»Ğ°Ğ·Ğ¾Ğ¼ Ğ²ĞµĞ´Ñ‘Ñ‚,
Ğ“Ğ»Ğ°Ğ´Ñ ÑĞ²Ğ¾Ğ¹ ĞºÑƒÑ‡ĞµÑ€ÑĞ²Ñ‹Ğ¹ Ğ¿Ğ°Ñ€Ğ¸Ğº.
ĞŸÑ€Ğ¸Ğ³Ğ»ÑĞ´ĞµĞ»ÑÑ Ñ. Ğ¢Ğ°Ğº Ğ½Ğµ Ğ¿Ğ¾Ğ¹Ğ´Ñ‘Ñ‚.
Ğ¢Ğ¾ Ğ½Ğµ Ğ±Ğ°Ñ€Ñ‹ÑˆĞ½Ñ, Ñ‚Ğ¾ Ğ¼ÑƒĞ¶Ğ¸Ğº.

ĞÑ…, Ğ±ĞµĞ· Ğ´Ğ°Ğ¼ Ğ½Ğµ Ğ±Ñ‹Ğ²Ğ°ĞµÑ‚ Ğ»ÑĞ±Ğ²Ğ¸!
ĞĞµÑ‚. Ğ‘Ñ‹Ğ²Ğ°ĞµÑ‚. Ğ˜ Ğ·Ğ´ĞµÑÑŒ Ñ Ğ»Ğ³Ñƒ.
ĞĞ°Ğ¼ Ñ‚ĞµĞ¿ĞµÑ€ÑŒ Ğ²Ğ¾Ğ·Ğ²ĞµÑÑ‚ÑÑ‚: Â«ÑĞµ Ğ»Ñ Ğ²Ğ¸Â» â€“
Ğ•ÑÑ‚ÑŒ Ğ»ÑĞ±Ğ¾Ğ²ÑŒ Ğ´Ğ°Ğ¶Ğµ Ğº ÑĞ°Ğ¿Ğ¾Ğ³Ñƒ. 
Ğ¯ Ğ²ĞµÑĞµĞ»Ñ‹Ğ¹ Ğ±Ğ¾Ğ»ÑŒÑˆĞ¾Ğ¹ Ğ¶Ğ¸Ñ€Ğ°Ñ„,
Ğ’Ğ·ÑĞ»ÑÑ Ñ‚ĞµĞºÑÑ‚Ñ‹ Ğ¿Ñ€Ğ¾ Ñ‡ÑƒĞ²ÑÑ‚Ğ²Ğ° ĞºĞ»ĞµĞ¿Ğ°Ñ‚ÑŒ.
ĞĞ°ĞºĞ»ĞµĞ¿Ğ°Ğ», Ñ‡ÑƒĞ²ÑÑ‚Ğ² Ğ½Ğµ Ğ¿ĞµÑ€ĞµĞ´Ğ°Ğ²,
Ğ Ñ†ĞµĞ½Ğ¸Ñ‚ĞµĞ»Ğ¸ Ğ±ÑƒĞ´ÑƒÑ‚ ĞºĞ»ĞµĞ²Ğ°Ñ‚ÑŒ.

Ğ˜Ğ½Ñ‚ĞµÑ€ĞµÑĞ½Ğ¾Ğµ ÑĞ»Ğ¾Ğ²Ğ¾ Â«Ğ»ÑĞ±Ğ¾Ğ²ÑŒÂ».
ĞœĞ°Ğ³Ğ°Ğ·Ğ¸Ğ½ Ñ ÑĞµÑ€Ğ´ĞµÑ‡ĞºĞ¾Ğ¼ Ğ¼Ğ¸Ğ³Ğ°Ğ».
Ğ¯ Ğ¶ĞµĞ»Ğ°Ñ Ğ²Ğ°Ğ¼ Ñ‚Ğ¾Ğ¹ Ğ»ÑĞ±Ğ²Ğ¸,
Ğ ĞºĞ¾Ñ‚Ğ¾Ñ€Ğ¾Ğ¹ Ğ½Ğµ Ñ€Ğ°ÑÑĞºĞ°Ğ·Ğ°Ğ».",Love your photos! â¤ï¸ hey read our bio and message us for shout-out details.
108,Ğ’Ñ‹Ğ±Ğ¸Ñ€Ğ°Ğ¹ Ğ»ÑĞ´ĞµĞ¹ ÑĞ²Ğ¾ĞµĞ³Ğ¾ ÑƒÑ€Ğ¾Ğ²Ğ½Ñ Ñ†ĞµĞ½Ğ½Ğ¾ÑÑ‚ĞµĞ¹ Ğ¸ Ğ²Ğ½ÑƒÑ‚Ñ€ĞµĞ½Ğ½ĞµĞ¹ Ğ½Ğ°Ğ¿Ğ¾Ğ»Ğ½ĞµĞ½Ğ½Ğ¾ÑÑ‚Ğ¸.,,"Ğ”Ğ°, Ğ¸ Ğ¼Ğ½Ğµ Ñ‚Ğ¾Ğ¶Ğµ Ğ² Ğ”Ğ¸Ñ€ĞµĞºÑ‚ Ğ¾Ñ‚Ğ²ĞµÑ‚ÑŒ ğŸ¤£",Looking good ğŸ’ªâ™¥ï¸,"Hallo kakğŸ™‚, ingin punya penghasilan lebihğŸ¤”ğŸ˜ Ayoo!! Segera cek ig kami ya kakğŸ™‚","â¤ï¸â¤ï¸â¤ï¸ĞŸÑ€Ğ¸Ğ²ĞµÑ‚! ĞĞµĞºĞ¾Ñ‚Ğ¾Ñ€Ğ¾Ğµ Ğ²Ñ€ĞµĞ¼Ñ ÑĞ¼Ğ¾Ñ‚Ñ€Ñ Ñ‚Ğ²Ğ¾Ñ ÑÑ‚Ñ€Ğ°Ğ½Ğ¸Ñ†Ñƒ Ğ¸ Ğ¾Ğ½Ğ° Ğ¼ĞµĞ½Ñ Ğ²Ğ¾ÑÑ…Ğ¸Ñ‰Ğ°ĞµÑ‚! Ğ¯ ĞºÑƒĞ±Ğ¸Ğ½ÑĞºĞ¸Ğ¹ğŸ‡¨ğŸ‡º Ñ…ÑƒĞ´Ğ¾Ğ¶Ğ½Ğ¸Ğº, ÑĞµĞ¹Ñ‡Ğ°Ñ Ğ¶Ğ¸Ğ²Ñƒ Ğ² ĞœĞ¾ÑĞºĞ²Ğµ. Ğ Ğ¸ÑÑƒÑ ĞºĞ°Ñ€Ñ‚Ğ¸Ğ½Ñ‹, ÑÑĞºĞ¸Ğ·Ñ‹, Ğ° Ñ‚Ğ°ĞºĞ¶Ğµ Ğ´ĞµĞ»Ğ°Ñ Ñ‚Ğ°Ñ‚ÑƒĞ¸Ñ€Ğ¾Ğ²ĞºĞ¸ Ğ² ÑÑ‚Ğ¸Ğ»Ğµ Ñ€ĞµĞ°Ğ»Ğ¸Ğ·Ğ¼. Ğ•ÑĞ»Ğ¸ Ñ…Ğ¾Ñ‡ĞµÑˆÑŒ Ğ¼Ğ¾Ğ¶ĞµÑˆÑŒ Ğ·Ğ°Ğ¹Ñ‚Ğ¸ Ğ½Ğ° Ğ¼Ğ¾Ñ ÑÑ‚Ñ€Ğ°Ğ½Ğ¸Ñ†Ñƒ Ğ¸ ĞµÑĞ»Ğ¸ Ñ‚ĞµĞ±Ğµ Ğ¿Ğ¾Ğ½Ñ€Ğ°Ğ²Ğ¸Ñ‚ÑÑ Ğ¼Ğ¾Ñ Ñ€Ğ°Ğ±Ğ¾Ñ‚Ğ°, Ğ¼Ğ¾Ğ¶ĞµÑˆÑŒ Ğ½Ğ°Ğ¿Ğ¸ÑĞ°Ñ‚ÑŒ Ğ¼Ğ½Ğµ. Ğ¥Ğ¾Ñ€Ğ¾ÑˆĞµĞ³Ğ¾ Ğ´Ğ½Ñ! @rioger_martinez ğŸ˜ŠğŸ™ŒğŸ‘ğŸ»",So cool
109,"Ñ ÑĞ°Ğ¼Ğ° ÑĞµĞ±Ğµ Ğ²Ğ»Ğ°ÑÑ‚ÑŒ
Ğ¸ÑĞ¿Ğ¾Ğ»Ğ½Ğ¸Ñ‚ĞµĞ»ÑŒĞ½Ğ°Ñ/ÑÑƒĞ´ĞµĞ±Ğ½Ğ°Ñ,
Ñ ÑĞ°Ğ¼Ğ° Ğ¿Ñ€Ğ¾Ñ‚ÑĞ½Ñƒ ÑĞµĞ±Ğµ Ñ€ÑƒĞºÑƒ
Ğ·Ğ°Ñ‰Ğ¸Ñ‰ÑƒÑÑŒ, ÑĞ¿Ğ°ÑÑƒ.

Ñ ÑĞ°Ğ¼Ğ° ÑĞµĞ±Ñ Ğ³Ğ¾Ñ€Ğ´ÑƒÑ, Ñ‡ĞµÑÑ‚Ğ½ÑƒÑ
Ğ¸Ğ· Ğ³Ğ¾Ñ€ÑÑ‰ĞµĞ¹ Ğ¸Ğ·Ğ±Ñ‹ ÑĞ¾Ğ½Ğ½ÑƒÑ
Ğ²Ñ‹Ğ½ĞµÑÑƒ.

Ñ Ğ¿Ñ€Ğ¸Ğ´ĞµÑ€Ğ¶Ğ¸Ğ²Ğ°ÑÑÑŒ Ğ²ÑĞµÑ… Ğ¿Ñ€Ğ°Ğ²Ğ¸Ğ»,
ĞºĞ°Ğ½Ğ¾Ğ½Ğ¾Ğ²,
Ğ½Ğµ Ğ·Ğ½Ğ°Ñ Ğ¼ĞµÑ€.
Ñ ÑĞ°Ğ¼Ğ° Ğ»ÑĞ±Ğ¾Ğ¼Ñƒ Ğ¿Ñ€Ğ¸Ğ½Ñ†Ñƒ, 
Ñ€Ñ‹Ñ†Ğ°Ñ€Ñ
Ğ¿Ñ€Ğ¸Ğ¼ĞµÑ€.
Ñ Ğ¿Ñ€Ğ¾Ğ±Ğ»ĞµĞ¼ Ğ½Ğµ ÑÑ‚Ñ€Ğ°ÑˆÑƒÑÑŒ Ğ¸
Ğ½Ğµ Ğ²Ğ¸Ğ¶Ñƒ, Ñ‡Ñ‚Ğ¾Ğ± Ñ‚Ğ°Ğº ÑƒĞ¼ĞµĞ»
Ñ…Ğ¾Ñ‚ÑŒ Ğ¾Ğ´Ğ¸Ğ½ Ğ¸Ğ· Ğ¼Ğ¾Ğ¸Ñ… Ğ·Ğ½Ğ°ĞºĞ¾Ğ¼Ñ‹Ñ….

Ğ¼Ğ¾Ğ¶ĞµÑ‚ Ğ²Ğ¾Ğ²ÑĞµ Ğ½Ğµ Ñ…Ğ¾Ñ‡ĞµÑ‚ÑÑ Ğ¼Ğ½Ğµ ÑĞµĞ±Ğµ Ñ€Ñ‹Ñ†Ğ°Ñ€ĞµĞ¼ Ğ±Ñ‹Ñ‚ÑŒ,
Ğ¼Ğ¾Ğ¶ĞµÑ‚ Ğ¿Ñ€Ğ¾ÑÑ‚Ğ¾ ÑƒÑÑ‚Ğ°Ğ², Ñ Ñ…Ğ¾Ñ‡Ñƒ Ğ¿Ğ¾ Ñ‚ĞµÑ‡ĞµĞ½Ğ¸Ñ Ğ¿Ğ»Ñ‹Ñ‚ÑŒ,
Ğ·Ğ½Ğ°Ñ‚ÑŒ, Ñ‡Ñ‚Ğ¾ ĞµÑĞ»Ğ¸ Ğ¿Ğ¾Ğ¶Ğ°Ñ€, Ğ° Ñ ÑĞ¿Ğ»Ñ â€”
Ñ‚Ñ‹ ÑĞ¿Ğ°ÑĞµÑˆÑŒ.
Ğ·Ğ½Ğ°Ñ‚ÑŒ, Ñ‡Ñ‚Ğ¾ Ğ±ĞµĞ´Ñ‹ Ğ¼Ğ¾Ğ¸, 
ĞºĞ°Ğº ÑĞ²Ğ¾Ğ¸
Ğ½Ğ° Ğ¿Ğ»ĞµÑ‡Ğ°Ñ… Ğ¿Ğ¾Ğ½ĞµÑĞµÑˆÑŒ.
Ğ·Ğ½Ğ°Ñ‚ÑŒ, Ñ‡Ñ‚Ğ¾ Ğ¿Ğ»ĞµÑ‡Ğ¸ Ñ‚Ğ²Ğ¾Ğ¸, 
ÑˆĞ¸Ñ€Ğµ, 
ĞºÑ€ĞµĞ¿Ñ‡Ğµ Ğ‘ĞµÑ€Ğ»Ğ¸Ğ½ÑĞºĞ¾Ğ¹ ÑÑ‚ĞµĞ½Ñ‹.
Ğ¸ Ğ½Ğ° ÑÑ‚Ğ¾Ğ¹ Ğ¿Ğ»Ğ°Ğ½ĞµÑ‚Ğµ
Ğ½ĞµÑ‚ Ğ¼ĞµĞ½Ñ
Ğ½ĞµÑ‚ Ñ‚ĞµĞ±Ñ
ĞµÑÑ‚ÑŒ â€“
Ğ¼Ñ‹.",,ğŸ‘ğŸ‘ğŸ‘,"Ğ•ÑĞ»Ğ¸ Ğ¼Ğ¾Ğ¶ĞµÑˆÑŒ, Ğ²ÑĞµĞ³Ğ´Ğ° Ğ¾ÑÑ‚Ğ°Ğ²Ğ°Ğ¹ÑÑ ÑĞ¾Ğ»Ğ½Ñ†ĞµĞ¼,
ĞĞµ Ñ‚ĞµÑ€ÑĞ¹ÑÑ Ğ² Ğ¿Ñ€Ğ¾ÑÑ‚ÑƒĞ´Ğµ,
Ğ¡Ğ¾Ğ±Ğ¾Ğ¹ Ğ½Ğµ ĞºĞ¾Ñ€Ğ¼Ğ¸ ÑĞºĞ²Ğ¾Ğ·Ğ½ÑĞºĞ¸.
Ğ¢Ñ‹ Ñ€Ğ°Ğ·Ğ±Ğ¸Ñ‚Ğ°, ÑƒÑÑ‚Ğ°Ğ»Ğ°,
Ğ¢ĞµĞ±Ñ ĞºĞ»Ğ¾Ğ½Ğ¸Ñ‚ Ğ² ÑĞ¾Ğ½ Ñ†ĞµĞ»Ñ‹Ğ¹ Ğ´ĞµĞ½ÑŒ.
ĞĞ°Ğ´Ğ¾ĞµĞ»Ğ¸ Ğ´Ğ¾Ğ¶Ğ´Ğ¸,
Ğ–Ğ¸Ğ·Ğ½ÑŒ Ğ² Ğ´Ğ²Ğ¾Ğ¸Ñ‡Ğ½Ğ¾Ğ¹ ÑĞ¸ÑÑ‚ĞµĞ¼Ğµ,
Ğ˜ Ğ³Ğ»ÑƒĞ±Ğ¾ĞºĞ¸Ğµ Ñ‚ĞµĞ½Ğ¸...
Ğ§Ñ‚Ğ¾, Ğ²Ğ¿Ñ€Ğ¾Ñ‡ĞµĞ¼, ÑƒĞ¶Ğµ ÑĞ¸Ğ½ÑĞºĞ¸.

ĞĞ¾, Ñ€Ğ¾Ğ´Ğ½Ğ°Ñ, Ğ²Ğ¾Ğ·ÑŒĞ¼Ğ¸ Ğ¿Ğ°ÑÑ‚ĞµĞ»ÑŒ, Ğ·Ğ°ÑÑ‚ĞµĞ»Ğ¸ Ğ¿Ğ¾ÑÑ‚ĞµĞ»ÑŒ,
Ğ¯Ñ€ĞºĞ¾-ÑĞ¸Ğ½Ğ¸Ğ¼ Ğ½Ğ° ÑÑ€ĞºĞ¾-Ğ±ĞµĞ»Ğ¾Ğ¼ Ğ»Ğ°Ğ´Ğ¾Ğ½Ğ¸ ÑĞ»ĞµĞ´.
ĞĞ°ÑˆĞ¸ Ğ²ÑÑ‚Ñ€ĞµÑ‡Ğ¸ Ğ½Ğµ Ğ±ÑƒĞ´ÑƒÑ‚ Ğ¿Ğ¾Ğ¼Ğ½Ğ¸Ñ‚ÑŒ Ğ¸ Ğ´Ğ²ÑƒÑ… Ğ½ĞµĞ´ĞµĞ»ÑŒ,
ĞœĞ¾Ğ¶ĞµÑ‚, Ğ´ĞµĞ½ÑŒ Ğ¸Ğ»Ğ¸ Ğ´Ğ²Ğ° Ğ¼Ñ‹ ÑĞºĞ¾Ğ¿Ğ¸Ğ»Ğ¸
Ğ—Ğ° ÑÑ‚Ğ¾Ğ»ÑŒĞºĞ¾ Ğ»ĞµÑ‚.

ĞŸĞ¾Ğ³Ğ°ÑĞ¸ ÑĞ²ĞµÑ‚, Ğ¿Ğ¾Ğ»Ğ¾Ğ¶Ğ¸ Ğ½Ğ° Ğ¾ĞºĞ½Ğ¾ Ğ»Ğ¸ÑÑ‚Ğ¾Ğº. ---
Ğ•ÑĞ»Ğ¸ Ğ´Ğ¾Ğ»Ğ³Ğ¾ Ğ¸Ğ´Ñ‚Ğ¸ Ğ½Ğ° Ğ²Ğ¾ÑÑ‚Ğ¾Ğº, Ğ¼Ğ¾Ğ¶Ğ½Ğ¾ Ğ²ÑÑ‚Ñ€ĞµÑ‚Ğ¸Ñ‚ÑŒ Ğ»ÑĞ±Ğ¾Ğ²ÑŒ,
Ğ’ĞµÑ€Ğ¾ÑÑ‚Ğ½Ğ¾ÑÑ‚ÑŒ Ğ½Ğµ Ğ±Ğ¾Ğ³ Ğ²ĞµÑÑ‚ÑŒ, Ğ½Ğ¾ Ğ‘Ğ¾Ğ³ ĞµÑÑ‚ÑŒ -

ĞŸÑƒÑÑ‚ÑŒ Ğ´Ğ¾Ñ€Ğ¾Ğ³Ñƒ Ğ¾ÑĞ¸Ğ»Ğ¸Ñ‚ Ğ¸Ğ´ÑƒÑ‰Ğ¸Ğ¹,
ĞšĞ¾ÑˆĞ¼Ğ°Ñ€ - ÑĞ¿ÑÑ‰Ğ¸Ğ¹,
ĞĞ°ÑÑ‚Ğ¾ÑÑ‰ĞµĞ³Ğ¾ Ğ¸ Ğ½Ğ°ÑÑ‚Ğ¾ÑÑ‰ĞµĞ¹.
ĞĞ°ÑÑ‚Ğ¾ÑÑ‰ĞµĞ³Ğ¾ Ğ¸ Ğ½Ğ°ÑÑ‚Ğ¾ÑÑ‰ĞµĞ¹.

ĞĞ° Ğ²Ğ¾ÑÑ‚Ğ¾Ğº Ğ³Ğ¾Ğ½Ğ¸Ñ‚ - Ğ³Ğ´Ğµ Ğ¶Ğµ Ñ‚Ğ²Ğ¾Ğµ Ğ¾ĞºĞ½Ğ¾?
Ğ˜ Ğ½Ğµ Ğ²Ğ°Ğ¶Ğ½Ğ¾ Ñ‡Ñ‚Ğ¾ Ğ±ÑƒĞ´ĞµÑ‚ Ğ¿Ğ¾Ñ‚Ğ¾Ğ¼,
Ğ˜ Ğ½Ğµ Ğ²Ğ°Ğ¶Ğ½Ğ¾ Ñ‡Ñ‚Ğ¾ Ğ±Ñ‹Ğ»Ğ¾ Ğ´Ğ¾.
Ğ‘ĞµĞ·Ñ€Ğ°Ğ»Ğ¸Ñ‡Ğ½Ñ‹ Ğ¼Ğ¾Ğ¸ ""Ğ½Ñƒ"" Ğ¸ Ñ‚Ğ²Ğ¾Ğ¸ ""Ğ½Ğ¾"",
ĞĞ° Ğ²Ğ¾ÑÑ‚Ğ¾Ğº Ğ³Ğ¾Ğ½Ğ¸Ñ‚ - Ğ³Ğ´Ğµ Ğ¶Ğµ Ğ¾ĞºĞ½Ğ¾?

Ğ’ Ñ†ĞµĞ¹Ñ‚Ğ½Ğ¾Ñ‚Ğµ Ğ¸ Ñ, Ğ¸ Ñ‚Ñ‹.",ğŸ˜ŠğŸ’ªğŸ½,Ğ²oÑÑ…Ğ¸Ñ‚Ğ¸Ñ‚ĞµĞ»ÑŒĞ½aÑ paĞ±oÑ‚a,ğŸ’ªğŸ’ª
110,"Ğ¯ Ğ¼Ğ¾Ğ³Ñƒ Ñ‚ĞµĞ±Ñ Ğ¾Ñ‡ĞµĞ½ÑŒ Ğ¶Ğ´Ğ°Ñ‚ÑŒ,
Ğ”Ğ¾Ğ»Ğ³Ğ¾-Ğ´Ğ¾Ğ»Ğ³Ğ¾ Ğ¸ Ğ²ĞµÑ€Ğ½Ğ¾-Ğ²ĞµÑ€Ğ½Ğ¾,
Ğ˜ Ğ½Ğ¾Ñ‡Ğ°Ğ¼Ğ¸ Ğ¼Ğ¾Ğ³Ñƒ Ğ½Ğµ ÑĞ¿Ğ°Ñ‚ÑŒ
Ğ“Ğ¾Ğ´, Ğ¸ Ğ´Ğ²Ğ°, Ğ¸ Ğ²ÑÑ Ğ¶Ğ¸Ğ·Ğ½ÑŒ, Ğ½Ğ°Ğ²ĞµÑ€Ğ½Ğ¾!

ĞŸÑƒÑÑ‚ÑŒ Ğ»Ğ¸ÑÑ‚Ğ¾Ñ‡ĞºĞ¸ ĞºĞ°Ğ»ĞµĞ½Ğ´Ğ°Ñ€Ñ
ĞĞ±Ğ»ĞµÑ‚ÑÑ‚, ĞºĞ°Ğº Ğ»Ğ¸ÑÑ‚Ğ²Ğ° Ñƒ ÑĞ°Ğ´Ğ°,
Ğ¢Ğ¾Ğ»ÑŒĞºĞ¾ Ğ·Ğ½Ğ°Ñ‚ÑŒ Ğ±Ñ‹, Ñ‡Ñ‚Ğ¾ Ğ²ÑĞµ Ğ½Ğµ Ğ·Ñ€Ñ,
Ğ§Ñ‚Ğ¾ Ñ‚ĞµĞ±Ğµ ÑÑ‚Ğ¾ Ğ²Ğ¿Ñ€Ğ°Ğ²Ğ´Ñƒ Ğ½Ğ°Ğ´Ğ¾!

Ğ¯ Ğ¼Ğ¾Ğ³Ñƒ Ğ·Ğ° Ñ‚Ğ¾Ğ±Ğ¾Ğ¹ Ğ¸Ğ´Ñ‚Ğ¸
Ğ¡ĞºĞ²Ğ¾Ğ·ÑŒ Ñ‚Ñ€ÑƒÑ‰Ğ¾Ğ±Ñ‹ Ğ¸ Ğ¿ĞµÑ€ĞµĞ»Ğ°Ğ·Ñ‹,
ĞŸĞ¾ Ğ³Ğ¾Ñ€Ğ°Ğ¼, Ğ±ĞµĞ· Ğ´Ğ¾Ñ€Ğ¾Ğ³ Ğ¿Ğ¾Ñ‡Ñ‚Ğ¸,
ĞŸĞ¾ Ğ¿ĞµÑĞºĞ°Ğ¼, Ğ¿Ğ¾ Ğ»ÑĞ±Ğ¾Ğ¼Ñƒ Ğ¿ÑƒÑ‚Ğ¸,
Ğ“Ğ´Ğµ Ğ¸ Ñ‡ĞµÑ€Ñ‚ Ğ½Ğµ Ğ±Ñ‹Ğ²Ğ°Ğ» Ğ½Ğ¸ Ñ€Ğ°Ğ·Ñƒ!

Ğ’ÑĞµ Ğ¿Ñ€Ğ¾Ğ¹Ğ´Ñƒ, Ğ½Ğ¸ĞºĞ¾Ğ³Ğ¾ Ğ½Ğµ ĞºĞ¾Ñ€Ñ,
ĞĞ´Ğ¾Ğ»ĞµÑ Ğ»ÑĞ±Ñ‹Ğµ Ñ‚Ñ€ĞµĞ²Ğ¾Ğ³Ğ¸,
Ğ¢Ğ¾Ğ»ÑŒĞºĞ¾ Ğ·Ğ½Ğ°Ñ‚ÑŒ Ğ±Ñ‹, Ñ‡Ñ‚Ğ¾ Ğ²ÑĞµ Ğ½Ğµ Ğ·Ñ€Ñ,
Ğ§Ñ‚Ğ¾ Ğ¿Ğ¾Ñ‚Ğ¾Ğ¼ Ğ½Ğµ Ğ¿Ñ€ĞµĞ´Ğ°ÑˆÑŒ Ğ² Ğ´Ğ¾Ñ€Ğ¾Ğ³Ğµ.

Ğ¯ Ğ¼Ğ¾Ğ³Ñƒ Ğ·Ğ° Ñ‚ĞµĞ±Ñ Ğ¾Ñ‚Ğ´Ğ°Ñ‚ÑŒ
Ğ’ÑĞµ, Ñ‡Ñ‚Ğ¾ ĞµÑÑ‚ÑŒ Ñƒ Ğ¼ĞµĞ½Ñ Ğ¸ Ğ±ÑƒĞ´ĞµÑ‚.
Ğ¯ Ğ¼Ğ¾Ğ³Ñƒ Ğ·Ğ° Ñ‚ĞµĞ±Ñ Ğ¿Ñ€Ğ¸Ğ½ÑÑ‚ÑŒ
Ğ“Ğ¾Ñ€ĞµÑ‡ÑŒ Ğ·Ğ»ĞµĞ¹ÑˆĞ¸Ñ… Ğ½Ğ° ÑĞ²ĞµÑ‚Ğµ ÑÑƒĞ´ĞµĞ±.

Ğ‘ÑƒĞ´Ñƒ ÑÑ‡Ğ°ÑÑ‚ÑŒĞµĞ¼ ÑÑ‡Ğ¸Ñ‚Ğ°Ñ‚ÑŒ, Ğ´Ğ°Ñ€Ñ
Ğ¦ĞµĞ»Ñ‹Ğ¹ Ğ¼Ğ¸Ñ€ Ñ‚ĞµĞ±Ğµ ĞµĞ¶ĞµÑ‡Ğ°ÑĞ½Ğ¾.
Ğ¢Ğ¾Ğ»ÑŒĞºĞ¾ Ğ·Ğ½Ğ°Ñ‚ÑŒ Ğ±Ñ‹, Ñ‡Ñ‚Ğ¾ Ğ²ÑĞµ Ğ½Ğµ Ğ·Ñ€Ñ,
Ğ§Ñ‚Ğ¾ Ğ»ÑĞ±Ğ»Ñ Ñ‚ĞµĞ±Ñ Ğ½Ğµ Ğ½Ğ°Ğ¿Ñ€Ğ°ÑĞ½Ğ¾!

Ğ¯ Ğ¼Ğ¾Ğ³Ñƒ Ñ‚ĞµĞ±Ñ Ğ¾Ñ‡ĞµĞ½ÑŒ Ğ¶Ğ´Ğ°Ñ‚ÑŒ,
Ğ”Ğ¾Ğ»Ğ³Ğ¾-Ğ´Ğ¾Ğ»Ğ³Ğ¾ Ğ¸ Ğ²ĞµÑ€Ğ½Ğ¾-Ğ²ĞµÑ€Ğ½Ğ¾,
Ğ˜ Ğ½Ğ¾Ñ‡Ğ°Ğ¼Ğ¸ Ğ¼Ğ¾Ğ³Ñƒ Ğ½Ğµ ÑĞ¿Ğ°Ñ‚ÑŒ
Ğ“Ğ¾Ğ´, Ğ¸ Ğ´Ğ²Ğ°, Ğ¸ Ğ²ÑÑ Ğ¶Ğ¸Ğ·Ğ½ÑŒ, Ğ½Ğ°Ğ²ĞµÑ€Ğ½Ğ¾!

ĞŸÑƒÑÑ‚ÑŒ Ğ»Ğ¸ÑÑ‚Ğ¾Ñ‡ĞºĞ¸ ĞºĞ°Ğ»ĞµĞ½Ğ´Ğ°Ñ€Ñ
ĞĞ±Ğ»ĞµÑ‚ÑÑ‚, ĞºĞ°Ğº Ğ»Ğ¸ÑÑ‚Ğ²Ğ° Ñƒ ÑĞ°Ğ´Ğ°,
Ğ¢Ğ¾Ğ»ÑŒĞºĞ¾ Ğ·Ğ½Ğ°Ñ‚ÑŒ Ğ±Ñ‹, Ñ‡Ñ‚Ğ¾ Ğ²ÑĞµ Ğ½Ğµ Ğ·Ñ€Ñ,
Ğ§Ñ‚Ğ¾ Ñ‚ĞµĞ±Ğµ ÑÑ‚Ğ¾ Ğ²Ğ¿Ñ€Ğ°Ğ²Ğ´Ñƒ Ğ½Ğ°Ğ´Ğ¾!

Ğ§Ñ‚Ğ¾ Ğ¿Ğ¾Ñ‚Ğ¾Ğ¼ Ğ½Ğµ Ğ¿Ñ€ĞµĞ´Ğ°ÑˆÑŒ Ğ² Ğ´Ğ¾Ñ€Ğ¾Ğ³Ğµ.

Ğ§Ñ‚Ğ¾ Ğ»ÑĞ±Ğ»Ñ Ñ‚ĞµĞ±Ñ Ğ½Ğµ Ğ½Ğ°Ğ¿Ñ€Ğ°ÑĞ½Ğ¾! Ğ­Ğ´ÑƒĞ°Ñ€Ğ´ ĞÑĞ°Ğ´Ğ¾Ğ²",,ĞšĞ°ĞºĞ¾Ğ¹ Ğ¸Ğ½Ñ‚ĞµÑ€ĞµÑĞ½Ñ‹Ğ¹ ĞºĞ°Ğ´Ñ€ ğŸ™ƒ,Daaang! You look so perfect ğŸ’“. We would love to see you wearing our treasures! Dm us to know more about this colab ğŸ’ğŸ˜â£ï¸,ĞÑ€Ğ¸Ğ³Ğ¸Ğ½Ğ°Ğ»ÑŒĞ½Ñ‹Ğµ Ñ‡Ğ°ÑÑ‹ Ğ¿Ğ¾ ÑĞ°Ğ¼Ñ‹Ğ¼ Ğ½Ğ¸Ğ·ĞºĞ¸Ğ¼ Ñ†ĞµĞ½Ğ°Ğ¼ Ñƒ Ğ¼ĞµĞ½Ñ ğŸ¤©,WOW!,ğŸ‘ very nice
111,"â€” Ğ¯ cÑ‚Ğ°Ğ» ÑƒÑÑ‹Ğ¿Ğ°Ñ‚ÑŒ ĞµÑ‘ Ñ†Ğ²ĞµÑ‚Ğ°Ğ¼Ğ¸, Ğ¿Ğ¾Ñ†ĞµĞ»ÑƒÑĞ¼Ğ¸ Ğ¸ ĞºĞ¾Ğ¼Ğ¿Ğ»Ğ¸Ğ¼ĞµĞ½Ñ‚Ğ°Ğ¼Ğ¸. Ğ¯ Ğ´ĞµĞ»Ğ°Ğ» ĞµĞ¹ ÑÑÑ€Ğ¿Ñ€Ğ¸Ğ·Ñ‹, Ñ€Ğ°Ğ´Ğ¾Ğ²Ğ°Ğ» ĞºĞ°Ğ¶Ğ´ÑƒÑ Ğ¼Ğ¸Ğ½ÑƒÑ‚Ñƒ. Ğ“Ğ¾Ğ²Ğ¾Ñ€Ğ¸Ğ» Ğ½Ğ° Ğ»ÑĞ´ÑÑ… Ñ‚Ğ¾Ğ»ÑŒĞºĞ¾ Ğ¾ Ğ½ĞµĞ¹. Ğ’ÑĞµ Ñ‚ĞµĞ¼Ñ‹ ÑĞ²Ğ¾Ğ´Ğ¸Ğ» Ğ² ĞµÑ‘ ÑÑ‚Ğ¾Ñ€Ğ¾Ğ½Ñƒ. Ğ’Ğ¾cÑ…Ğ²Ğ°Ğ»ÑĞ» ĞµÑ‘ ÑĞ²Ğ¾Ğ¸Ğ¼ Ğ¸ Ğ½Ğ°ÑˆĞ¸Ğ¼ Ğ¾Ğ±Ñ‰Ğ¸Ğ¼ Ğ´Ñ€ÑƒĞ·ÑŒÑĞ¼. ĞĞµ Ğ¿Ğ¾Ğ²ĞµÑ€Ğ¸Ñ‚Ğµ â€” Ğ¾Ğ½Ğ° Ñ€Ğ°ÑÑ†Ğ²ĞµĞ»Ğ°. OĞ½Ğ° ÑÑ‚Ğ°Ğ»Ğ° ĞµÑ‰Ñ‘ Ğ»ÑƒÑ‡ÑˆĞµ, Ñ‡ĞµĞ¼ Ñ€Ğ°Ğ½ÑŒÑˆĞµ. HĞ°Ğ±Ñ€Ğ°Ğ»Ğ° Ğ²ĞµÑ, Ğ¿ĞµÑ€ĞµÑÑ‚Ğ°Ğ»Ğ° Ğ½ĞµÑ€Ğ²Ğ½Ğ¸Ñ‡Ğ°Ñ‚ÑŒ Ğ¸ Ğ¿Ğ¾Ğ»ÑĞ±Ğ¸Ğ»Ğ° Ğ¼ĞµĞ½Ñ ĞµÑ‰Ñ‘ ÑĞ¸Ğ»ÑŒĞ½ĞµĞµ, Ñ‡ĞµĞ¼ Ñ€Ğ°Ğ½ÑŒÑˆĞµ. Ğ¯ Ğ´Ğ°Ğ¶Ğµ Ğ½Ğµ Ğ·Ğ½Ğ°Ğ», Ñ‡Ñ‚Ğ¾ Ğ¾Ğ½Ğ° ÑƒĞ¼ĞµĞµÑ‚ Ñ‚Ğ°Ğº Ğ»ÑĞ±Ğ¸Ñ‚ÑŒ. Ğ˜ Ñ Ğ¿Ğ¾Ğ½ÑĞ» Ğ¾Ğ´Ğ½Ğ¾: Ğ¶ĞµĞ½Ñ‰Ğ¸Ğ½Ğ° â€” ÑÑ‚Ğ¾ Ğ¾Ñ‚Ñ€Ğ°Ğ¶ĞµĞ½Ğ¸Ğµ Ğ¼yĞ¶Ñ‡Ğ¸Ğ½Ñ‹. EÑĞ»Ğ¸ Ğ»ÑĞ±Ğ¸Ñ‚ÑŒ ĞµÑ‘ Ğ´Ğ¾ Ğ±ĞµĞ·ÑƒĞ¼ÑÑ‚Ğ²Ğ°, Ğ¾Ğ½Ğ° ÑÑ‚Ğ°Ğ½ĞµÑ‚ Ğ¸Ğ¼.",,ğŸ”¯Aktiv 7/24ğŸ”¯,ĞšĞ°Ğº ĞºÑ€Ğ°ÑĞ¸Ğ²Ğ¾!,"Ğ”Ğ¾Ğ±Ñ€Ñ‹Ğ¹ Ğ´ĞµĞ½ÑŒ, Ñƒ Ğ’Ğ°Ñ Ñ…Ğ¾Ñ€Ğ¾ÑˆĞ¸Ğ¹ Ğ°ĞºĞºĞ°ÑƒĞ½Ñ‚!
Ğ‘ÑƒĞ´ĞµĞ¼ Ñ€Ğ°Ğ´Ñ‹ Ğ²Ğ¸Ğ´ĞµÑ‚ÑŒ Ğ’Ğ°Ñ Ğ² Ğ½Ğ°ÑˆĞµĞ¼!",This is glorious! ğŸ˜,Ğ¯ÑĞ½Ğ¾Ğ³Ğ¾ ÑĞ¾Ğ»Ğ½Ñ‹ÑˆĞºĞ° Ğ¸ Ñ‡ÑƒĞ´ĞµÑĞ½Ğ¾Ğ³Ğ¾ Ğ½Ğ°ÑÑ‚Ñ€Ğ¾ĞµĞ½Ğ¸Ñ ğŸŒ·ğŸŒ·ğŸŒ·Ğ±ÑƒĞ´ÑŒÑ‚Ğµ Ñ Ğ½Ğ°Ğ¼Ğ¸ ğŸ™Œâ¤ï¸
112,"Being a full time Hairstylist, Yoga keeps me balanced during my busy schedule ğŸ§˜â€â™€ï¸ğŸŒ¿ğŸ‡¦ğŸ‡º
.
.
.
.
", yoga  active  health  girl  life  yogalife  mood  happy  mind  photooftheday  yogagirl  exercise  instafit  fitlifestyle  fitspo  guru  body  stayfit  strong  earth  fitness  yogainspiration  world  australia  australian  beautifuldestinations  fitnessaddict  outdoors  girl  nature,Great work! Keep it up ğŸ’ªğŸ¼,ğŸ’,What a relaxing place to workout,ğŸ™Œ,ğŸ‘
113,"ğŸ–¤â• nuevas prendas para estrenar ğŸ–¤â•
Body talla Ãšnica : Negro, Blanco, Rojo. 
Falda Blanca y Negra S M L ", coronadivina  bycoronadivina  bodysuit  body  faldashort  faldas  nuevacoleccion  newarrivals  medellin,N/A,N/A,N/A,N/A,N/A
114,"ğŸ‘‰ DziÄ™ki nowatorskim recepturom zabiegi  EllaBachÃ© pozwalajÄ… osiÄ…gnÄ…Ä‡ najlepsze rezultaty  skÃ³ry w kaÅ¼dym wieku ğŸ’•ğŸ’• ğŸ‘‰ RytuaÅ‚y oparte sÄ… na bazie najczystszych, idealnie  wyselekcjonowanych  skÅ‚adnikÃ³w roÅ›linnych pochodzÄ…cych z rÃ³Å¼nych stron Å›wiata.
ğŸ” Zapraszamy do wspÃ³Å‚pracujÄ…cych z nami salonÃ³w kosmetycznych i SPA ğŸ”
", pielÄ™gnacji  zabiegi  rytualy  twarz  ciaÅ‚o  francuskamarka  profesjonalna  naturalne  skÅ‚adniki  regereneracja  odzywienie  nawilzenie  antiageing  skincarenatural  beautyexpert  france  body  face  treatment,N/A,N/A,N/A,N/A,N/A
115,"RadicINK.
.
.Osservando attentamente le foto del progetto â€œRADICIâ€, il primo elemento che salta allâ€™occhio Ã¨ il corpo: spoglio, semplice e naturale. La cosa che mi fa impazzire sono le linee che si vengono a creare e lâ€™andatura che assumono. Per questo ho pensato che potessero diventare ipotetici tatuaggi. Quindi mi sono recato alla @lamalafedetattoostudio e grazie alla splendida abilitÃ  di @meg.marta_beltrami, ho potuto sperimentare questa prima immagine sulla mia pelle. 
Il bello di tutto ciÃ² Ã¨ poter far rinascere e continuare il progetto Radici sottoforma di altri stili artistici come in questo caso quello del tatuaggio.
.
photo @calleghernicolaphoto .
sketch and tatto @meg.marta_beltrami .
tattoo studio @lamalafedetattoostudio .
.
.
.
.
.
", tattoo  black  ink  skin  arm  photo  project  roots  radici  radicink  art  nude  nature  body  root  lines  curves  texture  fill  style  artistic  tattoartist  illustrator  italy  veneto  treviso  conegliano  tattoostudio  lamalafedetattoo,"Hey tolles Bild, soetwas sieht man selten auf Instagram! Cool dass sich jemand soviel mÃ¼he gibt!ğŸ˜",N/A,N/A,N/A,N/A
116,Chique Ã© ser feliz. Elegante Ã© ser honesto. Bonito Ã© ser caridoso. SÃ¡bio Ã© ser grato. O resto Ã© sÃ³ inversÃ£o de valores! ğŸ’–  iwantone  ," cheiadevibe
-
-
-
-
-
-
-
-
-
-
-

 cute  beautiful  body  instamood  instagood  fashion  forlike  girl  nature  TagsForLikers  love  life  follow  pretty  br  girlstoday  summer  hair  gorgeousgirls  me  blonde  mirror followme  natureza  mg  followtrick  makeuptutorial  makeup",Que linda olhos mas lindo,N/A,N/A,N/A,N/A
117,"âƒâ„‹ğ’¶ğ“‹ğ‘’ ğ“‰ğ’½ğ‘’ ğ’²ğ’¾ğ“ğ“ ğ“‰ğ‘œ ğ“‚ğ’¶ğ“€ğ‘’ ğ’¾ğ“‰ ğ’½ğ’¶ğ“…ğ“…ğ‘’ğ“ƒâƒ
.
.
.
.
.
", strength  abs  weightlossjourney  wellness  active  goals  running  determination  love  fitlife  gymmotivation  inspiration  gains  eatclean  train  healthyfood  healthyliving  fun  sports  run  photooftheday  fitnessgirl  body  life  transformation  like  cleaneating,N/A,N/A,N/A,N/A,N/A
118,"Bom dia com look charmosissÃ­mo
Cropped  magaflare
ğŸ–¤59.99ğŸ–¤
Saia zÃ­per midi vinho que desenha o corpo ğŸ˜
ğŸ–¤59.99ğŸ–¤
ğŸ–¤
ğŸ–¤
ğŸ–¤
ğŸ–¤
ğŸ–¤
PeÃ§a jÃ¡ ğŸ‘‡ğŸ‘‡ â€”â€”â€”â€”â€”â€”â€”â€”â€”â€”â€”â€”â€”â€”â€”â€”-
Whtas 016991456703
ğŸ–¤
ğŸ–¤
ğŸ–¤
ğŸ–¤
ğŸ–¤
"," animalprint  cropped  croppedcobra  estampacobra  croppedmangaflare  mangaflare  saiamidi  saia  saiamidivinho  saiavermelha  provar  vida 
 blessed  stylefashion  style  loja  body  voudepitaya  pitayagirl  pitayaglam  pitaya  pitayaloversâ¤  bomdia",N/A,N/A,N/A,N/A,N/A
119,"If you want to be successful, get ready to put in some... "," muscleâ€¨ absâ€¨ instafitâ€¨ gymlife
 fitnessmodelâ€¨ fitnessmotivationâ€¨ fitnessaddict
 cardio
 exercise
 fitgirl
 weightloss
 strong
 shredded
 girlswholift
 fitlife â€¨ gains
 nutrition
 bodyâ€¨ getfit
 physique
 fitspiration
 dedication
 cleaneating
 nopainnogain
 yoga
 muscles
 bodybuilder
 strength",N/A,N/A,N/A,N/A,N/A
120,Pause repas ğŸ¥—au bord de l'eauğŸŒŠ. Une petite crique au calmeâ›±. On savoure se moment! ğŸ˜, cross crossfit girlpower crosstraining training WOD challenge fitness fitnessgirl sport musculationfemme musculation transformation diete fitnessaddict fitnessmotivation eatclean determination fitfam bodytransformation nutrition workout workoutmotivation sportlife bodyfitness nopainnogain salades nonauxkilos2019 body ete,This looks awesomeğŸ‰... Please check out my gallery for some interesting thoughts and quotes... ğŸ’™ğŸ˜ŠğŸ˜ƒ,N/A,N/A,N/A,N/A
121,"usando o cÃ³d ğŸ¦‹ K290 ğŸ¦‹ vocÃª ganha 10% de desconto! Vestido botÃµes por R$224,1 Aproveita o parcelamento em atÃ© 6x no site! E ainda ganhe o frete grÃ¡tis!
ğŸŒºwww.farmrio.com.brğŸŒº  @adorofarm ğŸŒºğŸ ", farmrio  farm  adorofarm  tonoadorofarm  moda  tendencias  brasil  tropical  euquerofarm  mundofarm  farmetes  bicho  verao20  likeforlike  vsco  instagood  farmetes  body  camisa  estampa  flores  vestidos  refloresta  lanÃ§amento,N/A,N/A,N/A,N/A,N/A
122,"Olha que charme esse body .
Otimo ideia para as mamÃ£es que gosta de fazer  mesversÃ¡rio .
.
.
Mais informaÃ§Ãµes ğŸ“²999832416
", mesversario  body  novidadesempre,N/A,N/A,N/A,N/A,N/A
123,"@_bodybuildingarena â–â–â–â–â–â–â–â–â–â–
", fitness gym bbg body bodybuilding muscle gains bestmod gymlife fitfam fitnessmotivation workout suppliment nuttration shredded fit bodybuilder eatclin goals change transformation motivation health life bicepworkout,Sick pump,ğŸ˜„ğŸ˜„ğŸ‘Œ,N/A,N/A,N/A
124,, running  run  exercise  work  workout  gym  gymlife  sun  summer  body  me  selfie  vsco  vscocam  likeforlikes  likeforfollow  followforfollowback  followforfollow  Wednesday  weightloss  bodytransformation  nofilter  instagood  instagram  picoftheday  daily,N/A,N/A,N/A,N/A,N/A
125,"Usando o cÃ³d ğŸ¦‹ K290 ğŸ¦‹ vocÃª ganha 10% de desconto! Saia moletom maxi costela por R$215,1 Aproveita o parcelamento em atÃ© 6x no site! E ainda ganhe o frete grÃ¡tis!
ğŸŒºwww.farmrio.com.brğŸŒº  @adorofarm ğŸŒºğŸ ", farmrio  farm  adorofarm  tonoadorofarm  moda  tendencias  brasil  tropical  euquerofarm  mundofarm  farmetes  bicho  verao20  likeforlike  vsco  instagood  farmetes  body  camisa  estampa  flores  vestidos  refloresta  lanÃ§amento,N/A,N/A,N/A,N/A,N/A
126,," purpuralight ğŸ’œ
.
.
.
 emprendedora  sueÃ±os  estilo  moda  fashion  amolamoda  nice  empoderada  sefemenina  love  shop  glamour  mystyle  tiendavirtual  camisetas  body  blusones  conjuntos  tiendavirtual  medellin  purpuralight",N/A,N/A,N/A,N/A,N/A
127," Repost @campeloselma (@get_repost)
ãƒ»ãƒ»ãƒ»
Bora pra mais um Treinamento!!ğŸ‘ŠğŸ‘ğŸ‘Œ
"," renko 
 bralimpia
 diet  getfit  running  yoga  abs  strength  gains  fitlife  nutrition  goals  nopainnogain  run  like  fitnessgirl  fitnesslife  follow  boxing  body  weightlifting  inspiration  bodybuilder  life  gymtime  photooftheday  trainhard  fitgirl",N/A,N/A,N/A,N/A,N/A
128,"Please follow and like ğŸ”¥âœ”ï¸âœ”ï¸ğŸ’¯
Swipe left â­ï¸â­ï¸for more
For more content follow us ğŸ‘‰@workout_collage
CREDIT: DM  for credit â–â–â–â–â–â–â–â–â–â–
", fitness gym bbg body bodybuilding muscle gains bestmod gymlife fitfam fitnessmotivation workout suppliment nuttration shredded fit bodybuilder eatclin goals change transformation motivation health life look lean strangth protiensğŸ’ªğŸ’ª,N/A,N/A,N/A,N/A,N/A
129,"El Tema A Tratar el DÃ­a de hoy algo complejo. .
.
Todo lo que necesitas saber al respecto estarÃ¡ siendo publicado en nuestras historias. .
.
", lesion  lesionesdeportivas  rodilla  lesionderodilla  deporte  training  motivation  fit  fitness  healthy  body  bodyconstruction  workout  fitnessmotivation  streetworkoutcolombia  strong,N/A,N/A,N/A,N/A,N/A
130,  MODA Y ESTILO VIVA EL VERANO ğŸŒˆ, DIOS jesucristo  seÃ±orsanjose  guadalupana  pop80s  anos90s  mÃºsicapopenespaÃ±ol  europa  espaÃ±a  brasil  nuevayork  guadalajara  jalisco  mexico  venezuela  monaco  dubay  fitness  valores  salud  televisa  body  siluet  moda  herbalife  vida  tvazteca  salvemoselplaneta ,N/A,N/A,N/A,N/A,N/A
131,"via @kyliejenner
.
.
.
", kyliejenner  kylieskin  jenners  kardashians  beach  beachbody  followforfollow  followback  f4f  lb  like4like  likeforlike  instadaily  photography  vintage  aesthetic  girl  ocean  sea  body  art,N/A,N/A,N/A,N/A,N/A
132,".
ğŸ‹â€â™‚ BODY PUMP ğŸ‹â€â™‚
âœ… Lunes y Viernes 14:30 hs
âœ… Martes y Jueves 20hs
", gym  body  bodypump  fierros  entrenamiento  motivation,N/A,N/A,N/A,N/A,N/A
133,"Bommm diaaa lindezasss!!!ğŸ‘¸ğŸ¥°
Body maravilhoso para arrasar em qualquer look!!
$ 29,90 Preto, Branco e cafÃ© com leite.
TAM P/M/G
Seja uma revendedora Graziela Grisosti Style aÃ­ na sua cidade.
", body estilo estilosa charmosachic modafeminina moda garotasdescolada garotasantenadas sucesso style.,Hey! You have a really cool feed! Love the pictures you are posting. We would love to have you represent our brand. Send us a message for details.,N/A,N/A,N/A,N/A
134,Thank you God ğŸ˜ğŸ™ğŸ» New IG Story post of @itusharkhanna ğŸ’™ ğ•¿ğ–šğ–˜ğ–ğ–†ğ–— ğ•¶ğ–ğ–†ğ–“ğ–“ğ–† â€¢â€¢â€¢â€¢â€¢ â­ï¸â­ï¸ ğŸ–¤ ğŸ˜, streetstyle  style  stylish  styles  fashionable  fashion  fashionstyle  fashionaddict  model  actor  celebrity  famous  mensfashion  menswear  menstyle  gym  gymlife  body  bodybuilding  bodybuilder  fitness  fit  fitspo  fitnessaddict  training  train  trainhard  photooftheday  tusharkhanna,"Dm me i have a deal for you, iam blocked for send messages",N/A,N/A,N/A,N/A
135,"Vuoi riposare un po' ma il lavoro ti perseguita? Alla fine decidi di non andare in ferie e scegli di lavorare mezza giornata per poi dedicare tutto il resto del tempo a te stessa.
", rinascere  femminilitÃ   felicementesingle  felicitÃ   tornareavivere  beauty  body  bodytransformation  donna  darkeyes  donnaitaliana  donneinforma  iovadoalmare  woman  wonderwoman  wellness  womanbeauty  happiness  volersibene  viverefelici  vogliadivivere  curlyhair  chilipersi  resilienza  renaissance,N/A,N/A,N/A,N/A,N/A
136,"Su ordinazione borsa a tracolla Chanel 
Colori disponibili:Rosso Blu Rosa Nero Marrone Verde Azzurro
Dimensioni: 26x17x12
Per info in direct âœ”ï¸âœŒï¸ğŸ˜‰ğŸ’¯
.
.
.
.
.
.
.
", spartoo  style  love  instamode  chanel  summervibes  polishgirl  clothing  funny  amazing  all_shots  like4likes  like4likeback  likeforlikeback  like4like  like4likesback  likeforfollow  beauty  instabeauty  instagood  colorful  followme  recent4recent  recentforrecent  body  dresses  likeforliketeam  outfits  outfitinspiration,N/A,N/A,N/A,N/A,N/A
